bin,frequency_norm,magnitude,power,is_signal,is_harmonic,is_noise
0,0.0,0.000000e+00,0.000000e+00,0,0,0
1,0.000488,3.195391e-03,1.021053e-05,0,0,1
2,0.000976,0.000000e+00,0.000000e+00,0,0,1
3,0.001464,9.947987e-03,9.896244e-05,0,0,1
4,0.001952,0.000000e+00,0.000000e+00,0,0,1
5,0.00244,3.057546e-03,9.348589e-06,0,0,1
6,0.002928,0.000000e+00,0.000000e+00,0,0,1
7,0.003416,5.814386e-03,3.380708e-05,0,0,1
8,0.003904,0.000000e+00,0.000000e+00,0,0,1
9,0.004392,7.722247e-03,5.963310e-05,0,0,1
10,0.00488,0.000000e+00,0.000000e+00,0,0,1
11,0.005368,2.414769e-03,5.831111e-06,0,0,1
12,0.005857,0.000000e+00,0.000000e+00,0,0,1
13,0.006345,7.881598e-03,6.211959e-05,0,0,1
14,0.006833,0.000000e+00,0.000000e+00,0,0,1
15,0.007321,8.888440e-03,7.900437e-05,0,0,1
16,0.007809,0.000000e+00,0.000000e+00,0,0,1
17,0.008297,8.666052e-03,7.510045e-05,0,0,1
18,0.008785,0.000000e+00,0.000000e+00,0,0,1
19,0.009273,3.730582e-03,1.391724e-05,0,0,1
20,0.009761,0.000000e+00,0.000000e+00,0,0,1
21,0.010249,6.322457e-03,3.997347e-05,0,0,1
22,0.010737,0.000000e+00,0.000000e+00,0,0,1
23,0.011225,7.922803e-03,6.277081e-05,0,0,1
24,0.011713,0.000000e+00,0.000000e+00,0,0,1
25,0.012201,8.911244e-03,7.941028e-05,0,0,1
26,0.012689,0.000000e+00,0.000000e+00,0,0,1
27,0.013177,5.019903e-03,2.519942e-05,0,0,1
28,0.013665,0.000000e+00,0.000000e+00,0,0,1
29,0.014153,7.863274e-03,6.183108e-05,0,0,1
30,0.014641,0.000000e+00,0.000000e+00,0,0,1
31,0.015129,4.705393e-03,2.214072e-05,0,0,1
32,0.015617,0.000000e+00,0.000000e+00,0,0,1
33,0.016105,9.622331e-03,9.258925e-05,0,0,1
34,0.016593,0.000000e+00,0.000000e+00,0,0,1
35,0.017082,5.175886e-03,2.678979e-05,0,0,1
36,0.01757,0.000000e+00,0.000000e+00,0,0,1
37,0.018058,3.759484e-03,1.413372e-05,0,0,1
38,0.018546,0.000000e+00,0.000000e+00,0,0,1
39,0.019034,1.092325e-02,1.193174e-04,0,0,1
40,0.019522,0.000000e+00,0.000000e+00,0,0,1
41,0.02001,7.703914e-04,5.935029e-07,0,0,1
42,0.020498,0.000000e+00,0.000000e+00,0,0,1
43,0.020986,4.458775e-03,1.988068e-05,0,0,1
44,0.021474,0.000000e+00,0.000000e+00,0,0,1
45,0.021962,6.425388e-03,4.128561e-05,0,0,1
46,0.02245,0.000000e+00,0.000000e+00,0,0,1
47,0.022938,8.077718e-03,6.524953e-05,0,0,1
48,0.023426,0.000000e+00,0.000000e+00,0,0,1
49,0.023914,2.017550e-03,4.070507e-06,0,0,1
50,0.024402,0.000000e+00,0.000000e+00,0,0,1
51,0.02489,7.922735e-03,6.276974e-05,0,0,1
52,0.025378,0.000000e+00,0.000000e+00,0,0,1
53,0.025866,6.328049e-03,4.004421e-05,0,0,1
54,0.026354,0.000000e+00,0.000000e+00,0,0,1
55,0.026842,1.473837e-03,2.172195e-06,0,0,1
56,0.02733,0.000000e+00,0.000000e+00,0,0,1
57,0.027818,7.533872e-03,5.675923e-05,0,0,1
58,0.028306,0.000000e+00,0.000000e+00,0,0,1
59,0.028795,3.917693e-03,1.534832e-05,0,0,1
60,0.029283,0.000000e+00,0.000000e+00,0,0,1
61,0.029771,7.216013e-03,5.207085e-05,0,0,1
62,0.030259,0.000000e+00,0.000000e+00,0,0,1
63,0.030747,8.186697e-03,6.702200e-05,0,0,1
64,0.031235,0.000000e+00,0.000000e+00,0,0,1
65,0.031723,6.641947e-03,4.411547e-05,0,0,1
66,0.032211,0.000000e+00,0.000000e+00,0,0,1
67,0.032699,5.932619e-03,3.519597e-05,0,0,1
68,0.033187,0.000000e+00,0.000000e+00,0,0,1
69,0.033675,5.430805e-03,2.949364e-05,0,0,1
70,0.034163,0.000000e+00,0.000000e+00,0,0,1
71,0.034651,4.320084e-03,1.866312e-05,0,0,1
72,0.035139,0.000000e+00,0.000000e+00,0,0,1
73,0.035627,4.978079e-03,2.478127e-05,0,0,1
74,0.036115,0.000000e+00,0.000000e+00,0,0,1
75,0.036603,1.555792e-03,2.420490e-06,0,0,1
76,0.037091,0.000000e+00,0.000000e+00,0,0,1
77,0.037579,3.839174e-03,1.473926e-05,0,0,1
78,0.038067,0.000000e+00,0.000000e+00,0,0,1
79,0.038555,3.876936e-03,1.503064e-05,0,0,1
80,0.039043,0.000000e+00,0.000000e+00,0,0,1
81,0.039531,1.370119e-03,1.877225e-06,0,0,1
82,0.04002,0.000000e+00,0.000000e+00,0,0,1
83,0.040508,5.651768e-03,3.194248e-05,0,0,1
84,0.040996,0.000000e+00,0.000000e+00,0,0,1
85,0.041484,4.425755e-03,1.958730e-05,0,0,1
86,0.041972,0.000000e+00,0.000000e+00,0,0,1
87,0.04246,5.537523e-03,3.066416e-05,0,0,1
88,0.042948,0.000000e+00,0.000000e+00,0,0,1
89,0.043436,2.066116e-03,4.268837e-06,0,0,1
90,0.043924,0.000000e+00,0.000000e+00,0,0,1
91,0.044412,1.831886e-03,3.355808e-06,0,0,1
92,0.0449,0.000000e+00,0.000000e+00,0,0,1
93,0.045388,1.230747e-02,1.514739e-04,0,0,1
94,0.045876,0.000000e+00,0.000000e+00,0,0,1
95,0.046364,1.035475e-02,1.072208e-04,0,0,1
96,0.046852,0.000000e+00,0.000000e+00,0,0,1
97,0.04734,5.180108e-03,2.683352e-05,0,0,1
98,0.047828,0.000000e+00,0.000000e+00,0,0,1
99,0.048316,1.920178e-03,3.687082e-06,0,0,1
100,0.048804,0.000000e+00,0.000000e+00,0,0,1
101,0.049292,5.885893e-03,3.464374e-05,0,0,1
102,0.04978,0.000000e+00,0.000000e+00,0,0,1
103,0.050268,2.026777e-03,4.107825e-06,0,0,1
104,0.050756,0.000000e+00,0.000000e+00,0,0,1
105,0.051245,1.429159e-03,2.042495e-06,0,0,1
106,0.051733,0.000000e+00,0.000000e+00,0,0,1
107,0.052221,3.932097e-03,1.546139e-05,0,0,1
108,0.052709,0.000000e+00,0.000000e+00,0,0,1
109,0.053197,6.919675e-03,4.788190e-05,0,0,1
110,0.053685,0.000000e+00,0.000000e+00,0,0,1
111,0.054173,6.204209e-03,3.849221e-05,0,0,1
112,0.054661,0.000000e+00,0.000000e+00,0,0,1
113,0.055149,2.243088e-03,5.031445e-06,0,0,1
114,0.055637,0.000000e+00,0.000000e+00,0,0,1
115,0.056125,1.959964e-03,3.841460e-06,0,0,1
116,0.056613,0.000000e+00,0.000000e+00,0,0,1
117,0.057101,6.284084e-03,3.948971e-05,0,0,1
118,0.057589,0.000000e+00,0.000000e+00,0,0,1
119,0.058077,5.655850e-03,3.198864e-05,0,0,1
120,0.058565,0.000000e+00,0.000000e+00,0,0,1
121,0.059053,4.577736e-03,2.095566e-05,0,0,1
122,0.059541,0.000000e+00,0.000000e+00,0,0,1
123,0.060029,3.985396e-03,1.588338e-05,0,0,1
124,0.060517,0.000000e+00,0.000000e+00,0,0,1
125,0.061005,5.509127e-03,3.035048e-05,0,0,0
126,0.061493,0.000000e+00,0.000000e+00,0,0,0
127,0.061981,9.664746e+02,9.340732e+05,1,0,0
128,0.062469,0.000000e+00,0.000000e+00,0,0,0
129,0.062958,3.811301e-03,1.452602e-05,0,0,0
130,0.063446,0.000000e+00,0.000000e+00,0,0,1
131,0.063934,1.186421e-03,1.407594e-06,0,0,1
132,0.064422,0.000000e+00,0.000000e+00,0,0,1
133,0.06491,7.349393e-03,5.401357e-05,0,0,1
134,0.065398,0.000000e+00,0.000000e+00,0,0,1
135,0.065886,1.167946e-02,1.364097e-04,0,0,1
136,0.066374,0.000000e+00,0.000000e+00,0,0,1
137,0.066862,6.818657e-03,4.649408e-05,0,0,1
138,0.06735,0.000000e+00,0.000000e+00,0,0,1
139,0.067838,4.555673e-03,2.075415e-05,0,0,1
140,0.068326,0.000000e+00,0.000000e+00,0,0,1
141,0.068814,7.397718e-03,5.472623e-05,0,0,1
142,0.069302,0.000000e+00,0.000000e+00,0,0,1
143,0.06979,3.211074e-03,1.031100e-05,0,0,1
144,0.070278,0.000000e+00,0.000000e+00,0,0,1
145,0.070766,3.682081e-03,1.355772e-05,0,0,1
146,0.071254,0.000000e+00,0.000000e+00,0,0,1
147,0.071742,3.348777e-03,1.121430e-05,0,0,1
148,0.07223,0.000000e+00,0.000000e+00,0,0,1
149,0.072718,1.797916e-03,3.232502e-06,0,0,1
150,0.073206,0.000000e+00,0.000000e+00,0,0,1
151,0.073694,1.915033e-03,3.667352e-06,0,0,1
152,0.074183,0.000000e+00,0.000000e+00,0,0,1
153,0.074671,5.886405e-03,3.464976e-05,0,0,1
154,0.075159,0.000000e+00,0.000000e+00,0,0,1
155,0.075647,1.584221e-03,2.509756e-06,0,0,1
156,0.076135,0.000000e+00,0.000000e+00,0,0,1
157,0.076623,9.697921e-03,9.404967e-05,0,0,1
158,0.077111,0.000000e+00,0.000000e+00,0,0,1
159,0.077599,4.241653e-03,1.799162e-05,0,0,1
160,0.078087,0.000000e+00,0.000000e+00,0,0,1
161,0.078575,3.498075e-03,1.223653e-05,0,0,1
162,0.079063,0.000000e+00,0.000000e+00,0,0,1
163,0.079551,9.186742e-03,8.439622e-05,0,0,1
164,0.080039,0.000000e+00,0.000000e+00,0,0,1
165,0.080527,8.750595e-04,7.657292e-07,0,0,1
166,0.081015,0.000000e+00,0.000000e+00,0,0,1
167,0.081503,6.326583e-03,4.002565e-05,0,0,1
168,0.081991,0.000000e+00,0.000000e+00,0,0,1
169,0.082479,3.804702e-03,1.447576e-05,0,0,1
170,0.082967,0.000000e+00,0.000000e+00,0,0,1
171,0.083455,1.048616e-02,1.099595e-04,0,0,1
172,0.083943,0.000000e+00,0.000000e+00,0,0,1
173,0.084431,5.308412e-03,2.817923e-05,0,0,1
174,0.084919,0.000000e+00,0.000000e+00,0,0,1
175,0.085408,7.397292e-03,5.471993e-05,0,0,1
176,0.085896,0.000000e+00,0.000000e+00,0,0,1
177,0.086384,4.906113e-03,2.406994e-05,0,0,1
178,0.086872,0.000000e+00,0.000000e+00,0,0,1
179,0.08736,7.120783e-03,5.070556e-05,0,0,1
180,0.087848,0.000000e+00,0.000000e+00,0,0,1
181,0.088336,2.379813e-03,5.663508e-06,0,0,1
182,0.088824,0.000000e+00,0.000000e+00,0,0,1
183,0.089312,8.117627e-04,6.589587e-07,0,0,1
184,0.0898,0.000000e+00,0.000000e+00,0,0,1
185,0.090288,7.478576e-03,5.592910e-05,0,0,1
186,0.090776,0.000000e+00,0.000000e+00,0,0,1
187,0.091264,2.805396e-03,7.870246e-06,0,0,1
188,0.091752,0.000000e+00,0.000000e+00,0,0,1
189,0.09224,6.005566e-03,3.606682e-05,0,0,1
190,0.092728,0.000000e+00,0.000000e+00,0,0,1
191,0.093216,2.645978e-03,7.001202e-06,0,0,1
192,0.093704,0.000000e+00,0.000000e+00,0,0,1
193,0.094192,5.038885e-03,2.539037e-05,0,0,1
194,0.09468,0.000000e+00,0.000000e+00,0,0,1
195,0.095168,6.267230e-03,3.927817e-05,0,0,1
196,0.095656,0.000000e+00,0.000000e+00,0,0,1
197,0.096144,3.409934e-03,1.162765e-05,0,0,1
198,0.096633,0.000000e+00,0.000000e+00,0,0,1
199,0.097121,5.213649e-03,2.718214e-05,0,0,1
200,0.097609,0.000000e+00,0.000000e+00,0,0,1
201,0.098097,1.359498e-02,1.848234e-04,0,0,1
202,0.098585,0.000000e+00,0.000000e+00,0,0,1
203,0.099073,5.957824e-03,3.549567e-05,0,0,1
204,0.099561,0.000000e+00,0.000000e+00,0,0,1
205,0.100049,6.728641e-03,4.527461e-05,0,0,1
206,0.100537,0.000000e+00,0.000000e+00,0,0,1
207,0.101025,4.066392e-03,1.653554e-05,0,0,1
208,0.101513,0.000000e+00,0.000000e+00,0,0,1
209,0.102001,3.149263e-03,9.917859e-06,0,0,1
210,0.102489,0.000000e+00,0.000000e+00,0,0,1
211,0.102977,8.296700e-03,6.883524e-05,0,0,1
212,0.103465,0.000000e+00,0.000000e+00,0,0,1
213,0.103953,2.011333e-03,4.045462e-06,0,0,1
214,0.104441,0.000000e+00,0.000000e+00,0,0,1
215,0.104929,4.388099e-03,1.925541e-05,0,0,1
216,0.105417,0.000000e+00,0.000000e+00,0,0,1
217,0.105905,9.738108e-03,9.483076e-05,0,0,1
218,0.106393,0.000000e+00,0.000000e+00,0,0,1
219,0.106881,4.648212e-03,2.160587e-05,0,0,1
220,0.107369,0.000000e+00,0.000000e+00,0,0,1
221,0.107857,9.035024e-03,8.163165e-05,0,0,1
222,0.108346,0.000000e+00,0.000000e+00,0,0,1
223,0.108834,8.729732e-03,7.620821e-05,0,0,1
224,0.109322,0.000000e+00,0.000000e+00,0,0,1
225,0.10981,1.352179e-02,1.828387e-04,0,0,1
226,0.110298,0.000000e+00,0.000000e+00,0,0,1
227,0.110786,1.906062e-03,3.633072e-06,0,0,1
228,0.111274,0.000000e+00,0.000000e+00,0,0,1
229,0.111762,9.076944e-03,8.239092e-05,0,0,1
230,0.11225,0.000000e+00,0.000000e+00,0,0,1
231,0.112738,3.016032e-03,9.096447e-06,0,0,1
232,0.113226,0.000000e+00,0.000000e+00,0,0,1
233,0.113714,9.277844e-03,8.607839e-05,0,0,1
234,0.114202,0.000000e+00,0.000000e+00,0,0,1
235,0.11469,2.169458e-03,4.706546e-06,0,0,1
236,0.115178,0.000000e+00,0.000000e+00,0,0,1
237,0.115666,5.627414e-03,3.166778e-05,0,0,1
238,0.116154,0.000000e+00,0.000000e+00,0,0,1
239,0.116642,7.414065e-03,5.496836e-05,0,0,1
240,0.11713,0.000000e+00,0.000000e+00,0,0,1
241,0.117618,1.547220e-02,2.393891e-04,0,0,1
242,0.118106,0.000000e+00,0.000000e+00,0,0,1
243,0.118594,1.939678e-03,3.762349e-06,0,0,1
244,0.119082,0.000000e+00,0.000000e+00,0,0,1
245,0.119571,4.162897e-03,1.732971e-05,0,0,1
246,0.120059,0.000000e+00,0.000000e+00,0,0,1
247,0.120547,9.411649e-03,8.857914e-05,0,0,1
248,0.121035,0.000000e+00,0.000000e+00,0,0,1
249,0.121523,3.667641e-03,1.345159e-05,0,0,1
250,0.122011,0.000000e+00,0.000000e+00,0,0,1
251,0.122499,4.791332e-03,2.295686e-05,0,0,1
252,0.122987,0.000000e+00,0.000000e+00,0,0,0
253,0.123475,1.823360e-03,3.324643e-06,0,0,0
254,0.123963,0.000000e+00,0.000000e+00,0,1,0
255,0.124451,8.726474e-03,7.615135e-05,0,0,0
256,0.124939,0.000000e+00,0.000000e+00,0,0,0
257,0.125427,4.384845e-03,1.922687e-05,0,0,1
258,0.125915,0.000000e+00,0.000000e+00,0,0,1
259,0.126403,4.375851e-03,1.914807e-05,0,0,1
260,0.126891,0.000000e+00,0.000000e+00,0,0,1
261,0.127379,5.133145e-03,2.634918e-05,0,0,1
262,0.127867,0.000000e+00,0.000000e+00,0,0,1
263,0.128355,5.719996e-03,3.271836e-05,0,0,1
264,0.128843,0.000000e+00,0.000000e+00,0,0,1
265,0.129331,1.096221e-02,1.201701e-04,0,0,1
266,0.129819,0.000000e+00,0.000000e+00,0,0,1
267,0.130307,3.136197e-03,9.835729e-06,0,0,1
268,0.130796,0.000000e+00,0.000000e+00,0,0,1
269,0.131284,7.529756e-03,5.669723e-05,0,0,1
270,0.131772,0.000000e+00,0.000000e+00,0,0,1
271,0.13226,6.532329e-03,4.267132e-05,0,0,1
272,0.132748,0.000000e+00,0.000000e+00,0,0,1
273,0.133236,1.098170e-03,1.205977e-06,0,0,1
274,0.133724,0.000000e+00,0.000000e+00,0,0,1
275,0.134212,7.378758e-03,5.444607e-05,0,0,1
276,0.1347,0.000000e+00,0.000000e+00,0,0,1
277,0.135188,4.364761e-03,1.905114e-05,0,0,1
278,0.135676,0.000000e+00,0.000000e+00,0,0,1
279,0.136164,8.918749e-03,7.954408e-05,0,0,1
280,0.136652,0.000000e+00,0.000000e+00,0,0,1
281,0.13714,5.699647e-03,3.248597e-05,0,0,1
282,0.137628,0.000000e+00,0.000000e+00,0,0,1
283,0.138116,8.872146e-04,7.871498e-07,0,0,1
284,0.138604,0.000000e+00,0.000000e+00,0,0,1
285,0.139092,2.343626e-03,5.492581e-06,0,0,1
286,0.13958,0.000000e+00,0.000000e+00,0,0,1
287,0.140068,1.157515e-02,1.339841e-04,0,0,1
288,0.140556,0.000000e+00,0.000000e+00,0,0,1
289,0.141044,1.208672e-02,1.460888e-04,0,0,1
290,0.141532,0.000000e+00,0.000000e+00,0,0,1
291,0.14202,5.272874e-03,2.780320e-05,0,0,1
292,0.142509,0.000000e+00,0.000000e+00,0,0,1
293,0.142997,5.158121e-03,2.660621e-05,0,0,1
294,0.143485,0.000000e+00,0.000000e+00,0,0,1
295,0.143973,8.331155e-03,6.940814e-05,0,0,1
296,0.144461,0.000000e+00,0.000000e+00,0,0,1
297,0.144949,7.243176e-03,5.246360e-05,0,0,1
298,0.145437,0.000000e+00,0.000000e+00,0,0,1
299,0.145925,4.334655e-03,1.878924e-05,0,0,1
300,0.146413,0.000000e+00,0.000000e+00,0,0,1
301,0.146901,2.684606e-03,7.207108e-06,0,0,1
302,0.147389,0.000000e+00,0.000000e+00,0,0,1
303,0.147877,3.102883e-03,9.627883e-06,0,0,1
304,0.148365,0.000000e+00,0.000000e+00,0,0,1
305,0.148853,3.530543e-03,1.246474e-05,0,0,1
306,0.149341,0.000000e+00,0.000000e+00,0,0,1
307,0.149829,2.885740e-03,8.327493e-06,0,0,1
308,0.150317,0.000000e+00,0.000000e+00,0,0,1
309,0.150805,5.570906e-03,3.103499e-05,0,0,1
310,0.151293,0.000000e+00,0.000000e+00,0,0,1
311,0.151781,2.511729e-03,6.308781e-06,0,0,1
312,0.152269,0.000000e+00,0.000000e+00,0,0,1
313,0.152757,1.213909e-02,1.473575e-04,0,0,1
314,0.153245,0.000000e+00,0.000000e+00,0,0,1
315,0.153734,8.658610e-03,7.497152e-05,0,0,1
316,0.154222,0.000000e+00,0.000000e+00,0,0,1
317,0.15471,8.368038e-03,7.002406e-05,0,0,1
318,0.155198,0.000000e+00,0.000000e+00,0,0,1
319,0.155686,7.209615e-04,5.197854e-07,0,0,1
320,0.156174,0.000000e+00,0.000000e+00,0,0,1
321,0.156662,3.071672e-03,9.435169e-06,0,0,1
322,0.15715,0.000000e+00,0.000000e+00,0,0,1
323,0.157638,1.301115e-03,1.692899e-06,0,0,1
324,0.158126,0.000000e+00,0.000000e+00,0,0,1
325,0.158614,1.650596e-03,2.724467e-06,0,0,1
326,0.159102,0.000000e+00,0.000000e+00,0,0,1
327,0.15959,5.873648e-03,3.449974e-05,0,0,1
328,0.160078,0.000000e+00,0.000000e+00,0,0,1
329,0.160566,4.870424e-03,2.372103e-05,0,0,1
330,0.161054,0.000000e+00,0.000000e+00,0,0,1
331,0.161542,7.573294e-03,5.735478e-05,0,0,1
332,0.16203,0.000000e+00,0.000000e+00,0,0,1
333,0.162518,5.511154e-03,3.037282e-05,0,0,1
334,0.163006,0.000000e+00,0.000000e+00,0,0,1
335,0.163494,2.138166e-03,4.571753e-06,0,0,1
336,0.163982,0.000000e+00,0.000000e+00,0,0,1
337,0.16447,2.804327e-03,7.864250e-06,0,0,1
338,0.164959,0.000000e+00,0.000000e+00,0,0,1
339,0.165447,1.074600e-02,1.154766e-04,0,0,1
340,0.165935,0.000000e+00,0.000000e+00,0,0,1
341,0.166423,1.191634e-03,1.419992e-06,0,0,1
342,0.166911,0.000000e+00,0.000000e+00,0,0,1
343,0.167399,7.212175e-03,5.201547e-05,0,0,1
344,0.167887,0.000000e+00,0.000000e+00,0,0,1
345,0.168375,5.851393e-03,3.423880e-05,0,0,1
346,0.168863,0.000000e+00,0.000000e+00,0,0,1
347,0.169351,8.627857e-03,7.443991e-05,0,0,1
348,0.169839,0.000000e+00,0.000000e+00,0,0,1
349,0.170327,5.878504e-03,3.455681e-05,0,0,1
350,0.170815,0.000000e+00,0.000000e+00,0,0,1
351,0.171303,4.315335e-03,1.862211e-05,0,0,1
352,0.171791,0.000000e+00,0.000000e+00,0,0,1
353,0.172279,8.222876e-03,6.761569e-05,0,0,1
354,0.172767,0.000000e+00,0.000000e+00,0,0,1
355,0.173255,9.924334e-03,9.849241e-05,0,0,1
356,0.173743,0.000000e+00,0.000000e+00,0,0,1
357,0.174231,6.961329e-03,4.846010e-05,0,0,1
358,0.174719,0.000000e+00,0.000000e+00,0,0,1
359,0.175207,1.272580e-02,1.619459e-04,0,0,1
360,0.175695,0.000000e+00,0.000000e+00,0,0,1
361,0.176184,6.600665e-03,4.356878e-05,0,0,1
362,0.176672,0.000000e+00,0.000000e+00,0,0,1
363,0.17716,5.591145e-03,3.126090e-05,0,0,1
364,0.177648,0.000000e+00,0.000000e+00,0,0,1
365,0.178136,7.341737e-03,5.390110e-05,0,0,1
366,0.178624,0.000000e+00,0.000000e+00,0,0,1
367,0.179112,6.661394e-03,4.437417e-05,0,0,1
368,0.1796,0.000000e+00,0.000000e+00,0,0,1
369,0.180088,7.201164e-03,5.185676e-05,0,0,1
370,0.180576,0.000000e+00,0.000000e+00,0,0,1
371,0.181064,4.683381e-03,2.193406e-05,0,0,1
372,0.181552,0.000000e+00,0.000000e+00,0,0,1
373,0.18204,3.664538e-03,1.342884e-05,0,0,1
374,0.182528,0.000000e+00,0.000000e+00,0,0,1
375,0.183016,2.348577e-03,5.515815e-06,0,0,1
376,0.183504,0.000000e+00,0.000000e+00,0,0,1
377,0.183992,6.759836e-03,4.569538e-05,0,0,1
378,0.18448,0.000000e+00,0.000000e+00,0,0,1
379,0.184968,4.757391e-03,2.263276e-05,0,0,0
380,0.185456,0.000000e+00,0.000000e+00,0,0,0
381,0.185944,5.011165e-03,2.511177e-05,0,1,0
382,0.186432,0.000000e+00,0.000000e+00,0,0,0
383,0.18692,1.363317e-02,1.858634e-04,0,0,0
384,0.187408,0.000000e+00,0.000000e+00,0,0,1
385,0.187897,1.174492e-02,1.379431e-04,0,0,1
386,0.188385,0.000000e+00,0.000000e+00,0,0,1
387,0.188873,5.856228e-03,3.429540e-05,0,0,1
388,0.189361,0.000000e+00,0.000000e+00,0,0,1
389,0.189849,1.208872e-03,1.461372e-06,0,0,1
390,0.190337,0.000000e+00,0.000000e+00,0,0,1
391,0.190825,9.882269e-03,9.765924e-05,0,0,1
392,0.191313,0.000000e+00,0.000000e+00,0,0,1
393,0.191801,4.373327e-03,1.912599e-05,0,0,1
394,0.192289,0.000000e+00,0.000000e+00,0,0,1
395,0.192777,8.575231e-03,7.353459e-05,0,0,1
396,0.193265,0.000000e+00,0.000000e+00,0,0,1
397,0.193753,3.335411e-03,1.112496e-05,0,0,1
398,0.194241,0.000000e+00,0.000000e+00,0,0,1
399,0.194729,8.408647e-03,7.070534e-05,0,0,1
400,0.195217,0.000000e+00,0.000000e+00,0,0,1
401,0.195705,5.091765e-03,2.592607e-05,0,0,1
402,0.196193,0.000000e+00,0.000000e+00,0,0,1
403,0.196681,4.043007e-04,1.634591e-07,0,0,1
404,0.197169,0.000000e+00,0.000000e+00,0,0,1
405,0.197657,3.539496e-03,1.252803e-05,0,0,1
406,0.198145,0.000000e+00,0.000000e+00,0,0,1
407,0.198633,5.164740e-03,2.667454e-05,0,0,1
408,0.199122,0.000000e+00,0.000000e+00,0,0,1
409,0.19961,8.730091e-03,7.621449e-05,0,0,1
410,0.200098,0.000000e+00,0.000000e+00,0,0,1
411,0.200586,6.011955e-03,3.614360e-05,0,0,1
412,0.201074,0.000000e+00,0.000000e+00,0,0,1
413,0.201562,3.410239e-03,1.162973e-05,0,0,1
414,0.20205,0.000000e+00,0.000000e+00,0,0,1
415,0.202538,5.776269e-03,3.336529e-05,0,0,1
416,0.203026,0.000000e+00,0.000000e+00,0,0,1
417,0.203514,5.769354e-03,3.328544e-05,0,0,1
418,0.204002,0.000000e+00,0.000000e+00,0,0,1
419,0.20449,6.083413e-03,3.700792e-05,0,0,1
420,0.204978,0.000000e+00,0.000000e+00,0,0,1
421,0.205466,2.804577e-03,7.865655e-06,0,0,1
422,0.205954,0.000000e+00,0.000000e+00,0,0,1
423,0.206442,3.561841e-03,1.268671e-05,0,0,1
424,0.20693,0.000000e+00,0.000000e+00,0,0,1
425,0.207418,5.793208e-03,3.356126e-05,0,0,1
426,0.207906,0.000000e+00,0.000000e+00,0,0,1
427,0.208394,6.054508e-03,3.665707e-05,0,0,1
428,0.208882,0.000000e+00,0.000000e+00,0,0,1
429,0.20937,7.056084e-03,4.978832e-05,0,0,1
430,0.209858,0.000000e+00,0.000000e+00,0,0,1
431,0.210347,3.209416e-03,1.030035e-05,0,0,1
432,0.210835,0.000000e+00,0.000000e+00,0,0,1
433,0.211323,3.518166e-03,1.237749e-05,0,0,1
434,0.211811,0.000000e+00,0.000000e+00,0,0,1
435,0.212299,2.780234e-03,7.729703e-06,0,0,1
436,0.212787,0.000000e+00,0.000000e+00,0,0,1
437,0.213275,3.133425e-03,9.818355e-06,0,0,1
438,0.213763,0.000000e+00,0.000000e+00,0,0,1
439,0.214251,7.948058e-03,6.317163e-05,0,0,1
440,0.214739,0.000000e+00,0.000000e+00,0,0,1
441,0.215227,5.917294e-03,3.501437e-05,0,0,1
442,0.215715,0.000000e+00,0.000000e+00,0,0,1
443,0.216203,7.238028e-03,5.238905e-05,0,0,1
444,0.216691,0.000000e+00,0.000000e+00,0,0,1
445,0.217179,7.688486e-03,5.911281e-05,0,0,1
446,0.217667,0.000000e+00,0.000000e+00,0,0,1
447,0.218155,5.244003e-03,2.749956e-05,0,0,1
448,0.218643,0.000000e+00,0.000000e+00,0,0,1
449,0.219131,1.544517e-03,2.385532e-06,0,0,1
450,0.219619,0.000000e+00,0.000000e+00,0,0,1
451,0.220107,4.906462e-03,2.407337e-05,0,0,1
452,0.220595,0.000000e+00,0.000000e+00,0,0,1
453,0.221083,2.501968e-03,6.259845e-06,0,0,1
454,0.221571,0.000000e+00,0.000000e+00,0,0,1
455,0.22206,7.813388e-03,6.104904e-05,0,0,1
456,0.222548,0.000000e+00,0.000000e+00,0,0,1
457,0.223036,4.045965e-03,1.636983e-05,0,0,1
458,0.223524,0.000000e+00,0.000000e+00,0,0,1
459,0.224012,7.773576e-03,6.042849e-05,0,0,1
460,0.2245,0.000000e+00,0.000000e+00,0,0,1
461,0.224988,1.082454e-03,1.171707e-06,0,0,1
462,0.225476,0.000000e+00,0.000000e+00,0,0,1
463,0.225964,8.060754e-03,6.497575e-05,0,0,1
464,0.226452,0.000000e+00,0.000000e+00,0,0,1
465,0.22694,3.414316e-03,1.165756e-05,0,0,1
466,0.227428,0.000000e+00,0.000000e+00,0,0,1
467,0.227916,2.165929e-03,4.691247e-06,0,0,1
468,0.228404,0.000000e+00,0.000000e+00,0,0,1
469,0.228892,1.993779e-03,3.975154e-06,0,0,1
470,0.22938,0.000000e+00,0.000000e+00,0,0,1
471,0.229868,6.375680e-03,4.064930e-05,0,0,1
472,0.230356,0.000000e+00,0.000000e+00,0,0,1
473,0.230844,2.191940e-03,4.804600e-06,0,0,1
474,0.231332,0.000000e+00,0.000000e+00,0,0,1
475,0.23182,9.974026e-03,9.948120e-05,0,0,1
476,0.232308,0.000000e+00,0.000000e+00,0,0,1
477,0.232796,5.468273e-03,2.990201e-05,0,0,1
478,0.233285,0.000000e+00,0.000000e+00,0,0,1
479,0.233773,1.001014e-02,1.002029e-04,0,0,1
480,0.234261,0.000000e+00,0.000000e+00,0,0,1
481,0.234749,8.493548e-03,7.214036e-05,0,0,1
482,0.235237,0.000000e+00,0.000000e+00,0,0,1
483,0.235725,4.746463e-03,2.252891e-05,0,0,1
484,0.236213,0.000000e+00,0.000000e+00,0,0,1
485,0.236701,5.554280e-03,3.085003e-05,0,0,1
486,0.237189,0.000000e+00,0.000000e+00,0,0,1
487,0.237677,6.511506e-03,4.239972e-05,0,0,1
488,0.238165,0.000000e+00,0.000000e+00,0,0,1
489,0.238653,8.784728e-03,7.717145e-05,0,0,1
490,0.239141,0.000000e+00,0.000000e+00,0,0,1
491,0.239629,5.409564e-03,2.926339e-05,0,0,1
492,0.240117,0.000000e+00,0.000000e+00,0,0,1
493,0.240605,7.807173e-03,6.095196e-05,0,0,1
494,0.241093,0.000000e+00,0.000000e+00,0,0,1
495,0.241581,3.935335e-03,1.548686e-05,0,0,1
496,0.242069,0.000000e+00,0.000000e+00,0,0,1
497,0.242557,1.271801e-02,1.617478e-04,0,0,1
498,0.243045,0.000000e+00,0.000000e+00,0,0,1
499,0.243533,8.135266e-03,6.618256e-05,0,0,1
500,0.244021,0.000000e+00,0.000000e+00,0,0,1
501,0.24451,6.264943e-03,3.924952e-05,0,0,1
502,0.244998,0.000000e+00,0.000000e+00,0,0,1
503,0.245486,3.845730e-03,1.478964e-05,0,0,1
504,0.245974,0.000000e+00,0.000000e+00,0,0,1
505,0.246462,3.892684e-03,1.515299e-05,0,0,1
506,0.24695,0.000000e+00,0.000000e+00,0,0,0
507,0.247438,5.191620e-03,2.695292e-05,0,0,0
508,0.247926,0.000000e+00,0.000000e+00,0,1,0
509,0.248414,6.182988e-03,3.822934e-05,0,0,0
510,0.248902,0.000000e+00,0.000000e+00,0,0,0
511,0.24939,1.384109e-02,1.915758e-04,0,0,1
512,0.249878,0.000000e+00,0.000000e+00,0,0,1
513,0.250366,3.107512e-03,9.656634e-06,0,0,1
514,0.250854,0.000000e+00,0.000000e+00,0,0,1
515,0.251342,9.682735e-03,9.375536e-05,0,0,1
516,0.25183,0.000000e+00,0.000000e+00,0,0,1
517,0.252318,4.199716e-03,1.763762e-05,0,0,1
518,0.252806,0.000000e+00,0.000000e+00,0,0,1
519,0.253294,8.335393e-03,6.947878e-05,0,0,1
520,0.253782,0.000000e+00,0.000000e+00,0,0,1
521,0.25427,1.040332e-02,1.082291e-04,0,0,1
522,0.254758,0.000000e+00,0.000000e+00,0,0,1
523,0.255246,7.319146e-03,5.356990e-05,0,0,1
524,0.255735,0.000000e+00,0.000000e+00,0,0,1
525,0.256223,9.432078e-03,8.896409e-05,0,0,1
526,0.256711,0.000000e+00,0.000000e+00,0,0,1
527,0.257199,6.461477e-03,4.175068e-05,0,0,1
528,0.257687,0.000000e+00,0.000000e+00,0,0,1
529,0.258175,3.419019e-03,1.168969e-05,0,0,1
530,0.258663,0.000000e+00,0.000000e+00,0,0,1
531,0.259151,6.663089e-03,4.439675e-05,0,0,1
532,0.259639,0.000000e+00,0.000000e+00,0,0,1
533,0.260127,9.588481e-03,9.193896e-05,0,0,1
534,0.260615,0.000000e+00,0.000000e+00,0,0,1
535,0.261103,8.572866e-03,7.349403e-05,0,0,1
536,0.261591,0.000000e+00,0.000000e+00,0,0,1
537,0.262079,2.403043e-03,5.774615e-06,0,0,1
538,0.262567,0.000000e+00,0.000000e+00,0,0,1
539,0.263055,6.546261e-03,4.285354e-05,0,0,1
540,0.263543,0.000000e+00,0.000000e+00,0,0,1
541,0.264031,1.182815e-02,1.399052e-04,0,0,1
542,0.264519,0.000000e+00,0.000000e+00,0,0,1
543,0.265007,2.829789e-03,8.007705e-06,0,0,1
544,0.265495,0.000000e+00,0.000000e+00,0,0,1
545,0.265983,6.940996e-04,4.817742e-07,0,0,1
546,0.266471,0.000000e+00,0.000000e+00,0,0,1
547,0.266959,3.253727e-03,1.058674e-05,0,0,1
548,0.267448,0.000000e+00,0.000000e+00,0,0,1
549,0.267936,3.010398e-03,9.062495e-06,0,0,1
550,0.268424,0.000000e+00,0.000000e+00,0,0,1
551,0.268912,4.029200e-03,1.623445e-05,0,0,1
552,0.2694,0.000000e+00,0.000000e+00,0,0,1
553,0.269888,1.516525e-03,2.299848e-06,0,0,1
554,0.270376,0.000000e+00,0.000000e+00,0,0,1
555,0.270864,4.020003e-03,1.616043e-05,0,0,1
556,0.271352,0.000000e+00,0.000000e+00,0,0,1
557,0.27184,9.351902e-03,8.745807e-05,0,0,1
558,0.272328,0.000000e+00,0.000000e+00,0,0,1
559,0.272816,5.411917e-03,2.928885e-05,0,0,1
560,0.273304,0.000000e+00,0.000000e+00,0,0,1
561,0.273792,1.920941e-03,3.690015e-06,0,0,1
562,0.27428,0.000000e+00,0.000000e+00,0,0,1
563,0.274768,8.243925e-03,6.796230e-05,0,0,1
564,0.275256,0.000000e+00,0.000000e+00,0,0,1
565,0.275744,1.784742e-03,3.185302e-06,0,0,1
566,0.276232,0.000000e+00,0.000000e+00,0,0,1
567,0.27672,6.683216e-03,4.466538e-05,0,0,1
568,0.277208,0.000000e+00,0.000000e+00,0,0,1
569,0.277696,1.665059e-03,2.772423e-06,0,0,1
570,0.278184,0.000000e+00,0.000000e+00,0,0,1
571,0.278673,4.090562e-03,1.673269e-05,0,0,1
572,0.279161,0.000000e+00,0.000000e+00,0,0,1
573,0.279649,4.774619e-03,2.279698e-05,0,0,1
574,0.280137,0.000000e+00,0.000000e+00,0,0,1
575,0.280625,7.538197e-03,5.682441e-05,0,0,1
576,0.281113,0.000000e+00,0.000000e+00,0,0,1
577,0.281601,3.909712e-03,1.528585e-05,0,0,1
578,0.282089,0.000000e+00,0.000000e+00,0,0,1
579,0.282577,6.918721e-03,4.786870e-05,0,0,1
580,0.283065,0.000000e+00,0.000000e+00,0,0,1
581,0.283553,6.026218e-03,3.631531e-05,0,0,1
582,0.284041,0.000000e+00,0.000000e+00,0,0,1
583,0.284529,3.605219e-03,1.299761e-05,0,0,1
584,0.285017,0.000000e+00,0.000000e+00,0,0,1
585,0.285505,2.467109e-03,6.086627e-06,0,0,1
586,0.285993,0.000000e+00,0.000000e+00,0,0,1
587,0.286481,3.452632e-03,1.192067e-05,0,0,1
588,0.286969,0.000000e+00,0.000000e+00,0,0,1
589,0.287457,8.302289e-03,6.892800e-05,0,0,1
590,0.287945,0.000000e+00,0.000000e+00,0,0,1
591,0.288433,3.190006e-03,1.017614e-05,0,0,1
592,0.288921,0.000000e+00,0.000000e+00,0,0,1
593,0.289409,1.116981e-02,1.247647e-04,0,0,1
594,0.289898,0.000000e+00,0.000000e+00,0,0,1
595,0.290386,1.855634e-04,3.443379e-08,0,0,1
596,0.290874,0.000000e+00,0.000000e+00,0,0,1
597,0.291362,9.258298e-03,8.571608e-05,0,0,1
598,0.29185,0.000000e+00,0.000000e+00,0,0,1
599,0.292338,7.392663e-03,5.465147e-05,0,0,1
600,0.292826,0.000000e+00,0.000000e+00,0,0,1
601,0.293314,1.077898e-02,1.161865e-04,0,0,1
602,0.293802,0.000000e+00,0.000000e+00,0,0,1
603,0.29429,1.060645e-03,1.124967e-06,0,0,1
604,0.294778,0.000000e+00,0.000000e+00,0,0,1
605,0.295266,5.509576e-03,3.035543e-05,0,0,1
606,0.295754,0.000000e+00,0.000000e+00,0,0,1
607,0.296242,2.538678e-03,6.444888e-06,0,0,1
608,0.29673,0.000000e+00,0.000000e+00,0,0,1
609,0.297218,4.853982e-03,2.356114e-05,0,0,1
610,0.297706,0.000000e+00,0.000000e+00,0,0,1
611,0.298194,5.741234e-03,3.296177e-05,0,0,1
612,0.298682,0.000000e+00,0.000000e+00,0,0,1
613,0.29917,9.772793e-04,9.550749e-07,0,0,1
614,0.299658,0.000000e+00,0.000000e+00,0,0,1
615,0.300146,4.194925e-03,1.759739e-05,0,0,1
616,0.300634,0.000000e+00,0.000000e+00,0,0,1
617,0.301122,3.793980e-03,1.439429e-05,0,0,1
618,0.301611,0.000000e+00,0.000000e+00,0,0,1
619,0.302099,4.778955e-03,2.283841e-05,0,0,1
620,0.302587,0.000000e+00,0.000000e+00,0,0,1
621,0.303075,1.613212e-03,2.602453e-06,0,0,1
622,0.303563,0.000000e+00,0.000000e+00,0,0,1
623,0.304051,7.526166e-03,5.664318e-05,0,0,1
624,0.304539,0.000000e+00,0.000000e+00,0,0,1
625,0.305027,9.917000e-03,9.834689e-05,0,0,1
626,0.305515,0.000000e+00,0.000000e+00,0,0,1
627,0.306003,4.720371e-03,2.228190e-05,0,0,1
628,0.306491,0.000000e+00,0.000000e+00,0,0,1
629,0.306979,4.721762e-03,2.229503e-05,0,0,1
630,0.307467,0.000000e+00,0.000000e+00,0,0,1
631,0.307955,2.936415e-03,8.622533e-06,0,0,1
632,0.308443,0.000000e+00,0.000000e+00,0,0,1
633,0.308931,5.195913e-03,2.699752e-05,0,0,0
634,0.309419,0.000000e+00,0.000000e+00,0,0,0
635,0.309907,6.694492e-03,4.481622e-05,0,1,0
636,0.310395,0.000000e+00,0.000000e+00,0,0,0
637,0.310883,3.065759e-03,9.398880e-06,0,0,0
638,0.311371,0.000000e+00,0.000000e+00,0,0,1
639,0.311859,9.251403e-03,8.558845e-05,0,0,1
640,0.312347,0.000000e+00,0.000000e+00,0,0,1
641,0.312836,9.907021e-03,9.814906e-05,0,0,1
642,0.313324,0.000000e+00,0.000000e+00,0,0,1
643,0.313812,3.625583e-03,1.314485e-05,0,0,1
644,0.3143,0.000000e+00,0.000000e+00,0,0,1
645,0.314788,1.946785e-03,3.789971e-06,0,0,1
646,0.315276,0.000000e+00,0.000000e+00,0,0,1
647,0.315764,2.823487e-03,7.972081e-06,0,0,1
648,0.316252,0.000000e+00,0.000000e+00,0,0,1
649,0.31674,3.023307e-03,9.140385e-06,0,0,1
650,0.317228,0.000000e+00,0.000000e+00,0,0,1
651,0.317716,8.276044e-03,6.849291e-05,0,0,1
652,0.318204,0.000000e+00,0.000000e+00,0,0,1
653,0.318692,5.166899e-03,2.669685e-05,0,0,1
654,0.31918,0.000000e+00,0.000000e+00,0,0,1
655,0.319668,2.881354e-03,8.302198e-06,0,0,1
656,0.320156,0.000000e+00,0.000000e+00,0,0,1
657,0.320644,2.385000e-03,5.688223e-06,0,0,1
658,0.321132,0.000000e+00,0.000000e+00,0,0,1
659,0.32162,4.868037e-03,2.369779e-05,0,0,1
660,0.322108,0.000000e+00,0.000000e+00,0,0,1
661,0.322596,7.647276e-03,5.848083e-05,0,0,1
662,0.323084,0.000000e+00,0.000000e+00,0,0,1
663,0.323572,3.202624e-03,1.025680e-05,0,0,1
664,0.324061,0.000000e+00,0.000000e+00,0,0,1
665,0.324549,1.709161e-03,2.921231e-06,0,0,1
666,0.325037,0.000000e+00,0.000000e+00,0,0,1
667,0.325525,8.599096e-03,7.394444e-05,0,0,1
668,0.326013,0.000000e+00,0.000000e+00,0,0,1
669,0.326501,3.084028e-04,9.511230e-08,0,0,1
670,0.326989,0.000000e+00,0.000000e+00,0,0,1
671,0.327477,6.895017e-03,4.754126e-05,0,0,1
672,0.327965,0.000000e+00,0.000000e+00,0,0,1
673,0.328453,4.246737e-03,1.803477e-05,0,0,1
674,0.328941,0.000000e+00,0.000000e+00,0,0,1
675,0.329429,2.122113e-03,4.503364e-06,0,0,1
676,0.329917,0.000000e+00,0.000000e+00,0,0,1
677,0.330405,7.307592e-03,5.340091e-05,0,0,1
678,0.330893,0.000000e+00,0.000000e+00,0,0,1
679,0.331381,6.965575e-03,4.851923e-05,0,0,1
680,0.331869,0.000000e+00,0.000000e+00,0,0,1
681,0.332357,3.959786e-03,1.567991e-05,0,0,1
682,0.332845,0.000000e+00,0.000000e+00,0,0,1
683,0.333333,1.005244e-02,1.010516e-04,0,0,1
684,0.333821,0.000000e+00,0.000000e+00,0,0,1
685,0.334309,7.609652e-03,5.790680e-05,0,0,1
686,0.334797,0.000000e+00,0.000000e+00,0,0,1
687,0.335286,6.233395e-03,3.885521e-05,0,0,1
688,0.335774,0.000000e+00,0.000000e+00,0,0,1
689,0.336262,8.989778e-03,8.081612e-05,0,0,1
690,0.33675,0.000000e+00,0.000000e+00,0,0,1
691,0.337238,3.650779e-03,1.332819e-05,0,0,1
692,0.337726,0.000000e+00,0.000000e+00,0,0,1
693,0.338214,5.219991e-03,2.724830e-05,0,0,1
694,0.338702,0.000000e+00,0.000000e+00,0,0,1
695,0.33919,5.453893e-03,2.974495e-05,0,0,1
696,0.339678,0.000000e+00,0.000000e+00,0,0,1
697,0.340166,9.467067e-03,8.962535e-05,0,0,1
698,0.340654,0.000000e+00,0.000000e+00,0,0,1
699,0.341142,7.737514e-03,5.986912e-05,0,0,1
700,0.34163,0.000000e+00,0.000000e+00,0,0,1
701,0.342118,5.876684e-03,3.453541e-05,0,0,1
702,0.342606,0.000000e+00,0.000000e+00,0,0,1
703,0.343094,3.895803e-03,1.517728e-05,0,0,1
704,0.343582,0.000000e+00,0.000000e+00,0,0,1
705,0.34407,6.265284e-03,3.925378e-05,0,0,1
706,0.344558,0.000000e+00,0.000000e+00,0,0,1
707,0.345046,6.481439e-03,4.200905e-05,0,0,1
708,0.345534,0.000000e+00,0.000000e+00,0,0,1
709,0.346022,3.530369e-03,1.246351e-05,0,0,1
710,0.34651,0.000000e+00,0.000000e+00,0,0,1
711,0.346999,4.098510e-03,1.679778e-05,0,0,1
712,0.347487,0.000000e+00,0.000000e+00,0,0,1
713,0.347975,3.905212e-03,1.525068e-05,0,0,1
714,0.348463,0.000000e+00,0.000000e+00,0,0,1
715,0.348951,2.100426e-03,4.411789e-06,0,0,1
716,0.349439,0.000000e+00,0.000000e+00,0,0,1
717,0.349927,3.895602e-03,1.517572e-05,0,0,1
718,0.350415,0.000000e+00,0.000000e+00,0,0,1
719,0.350903,1.919318e-03,3.683781e-06,0,0,1
720,0.351391,0.000000e+00,0.000000e+00,0,0,1
721,0.351879,3.543032e-03,1.255308e-05,0,0,1
722,0.352367,0.000000e+00,0.000000e+00,0,0,1
723,0.352855,3.854906e-03,1.486030e-05,0,0,1
724,0.353343,0.000000e+00,0.000000e+00,0,0,1
725,0.353831,8.772808e-03,7.696215e-05,0,0,1
726,0.354319,0.000000e+00,0.000000e+00,0,0,1
727,0.354807,7.939321e-03,6.303282e-05,0,0,1
728,0.355295,0.000000e+00,0.000000e+00,0,0,1
729,0.355783,1.196442e-02,1.431474e-04,0,0,1
730,0.356271,0.000000e+00,0.000000e+00,0,0,1
731,0.356759,8.440175e-03,7.123656e-05,0,0,1
732,0.357247,0.000000e+00,0.000000e+00,0,0,1
733,0.357735,9.169312e-04,8.407628e-07,0,0,1
734,0.358224,0.000000e+00,0.000000e+00,0,0,1
735,0.358712,8.552928e-03,7.315258e-05,0,0,1
736,0.3592,0.000000e+00,0.000000e+00,0,0,1
737,0.359688,3.344665e-03,1.118678e-05,0,0,1
738,0.360176,0.000000e+00,0.000000e+00,0,0,1
739,0.360664,6.196739e-03,3.839957e-05,0,0,1
740,0.361152,0.000000e+00,0.000000e+00,0,0,1
741,0.36164,3.264912e-03,1.065965e-05,0,0,1
742,0.362128,0.000000e+00,0.000000e+00,0,0,1
743,0.362616,3.751770e-03,1.407578e-05,0,0,1
744,0.363104,0.000000e+00,0.000000e+00,0,0,1
745,0.363592,1.073008e-02,1.151345e-04,0,0,1
746,0.36408,0.000000e+00,0.000000e+00,0,0,1
747,0.364568,4.402499e-03,1.938200e-05,0,0,1
748,0.365056,0.000000e+00,0.000000e+00,0,0,1
749,0.365544,6.074640e-03,3.690125e-05,0,0,1
750,0.366032,0.000000e+00,0.000000e+00,0,0,1
751,0.36652,9.186125e-03,8.438489e-05,0,0,1
752,0.367008,0.000000e+00,0.000000e+00,0,0,1
753,0.367496,1.863773e-03,3.473649e-06,0,0,1
754,0.367984,0.000000e+00,0.000000e+00,0,0,1
755,0.368472,3.402371e-03,1.157613e-05,0,0,1
756,0.36896,0.000000e+00,0.000000e+00,0,0,1
757,0.369449,5.787179e-03,3.349144e-05,0,0,1
758,0.369937,0.000000e+00,0.000000e+00,0,0,1
759,0.370425,3.827455e-03,1.464941e-05,0,0,1
760,0.370913,0.000000e+00,0.000000e+00,0,0,0
761,0.371401,1.155022e-02,1.334076e-04,0,0,0
762,0.371889,0.000000e+00,0.000000e+00,0,1,0
763,0.372377,6.020790e-03,3.624992e-05,0,0,0
764,0.372865,0.000000e+00,0.000000e+00,0,0,0
765,0.373353,3.959513e-03,1.567774e-05,0,0,1
766,0.373841,0.000000e+00,0.000000e+00,0,0,1
767,0.374329,8.830763e-03,7.798238e-05,0,0,1
768,0.374817,0.000000e+00,0.000000e+00,0,0,1
769,0.375305,6.524924e-03,4.257463e-05,0,0,1
770,0.375793,0.000000e+00,0.000000e+00,0,0,1
771,0.376281,6.789891e-03,4.610262e-05,0,0,1
772,0.376769,0.000000e+00,0.000000e+00,0,0,1
773,0.377257,6.576443e-03,4.324960e-05,0,0,1
774,0.377745,0.000000e+00,0.000000e+00,0,0,1
775,0.378233,7.938320e-03,6.301692e-05,0,0,1
776,0.378721,0.000000e+00,0.000000e+00,0,0,1
777,0.379209,9.315974e-03,8.678737e-05,0,0,1
778,0.379697,0.000000e+00,0.000000e+00,0,0,1
779,0.380185,6.393456e-03,4.087627e-05,0,0,1
780,0.380673,0.000000e+00,0.000000e+00,0,0,1
781,0.381162,6.001774e-03,3.602129e-05,0,0,1
782,0.38165,0.000000e+00,0.000000e+00,0,0,1
783,0.382138,7.046347e-03,4.965101e-05,0,0,1
784,0.382626,0.000000e+00,0.000000e+00,0,0,1
785,0.383114,9.524200e-03,9.071038e-05,0,0,1
786,0.383602,0.000000e+00,0.000000e+00,0,0,1
787,0.38409,3.731478e-03,1.392393e-05,0,0,1
788,0.384578,0.000000e+00,0.000000e+00,0,0,1
789,0.385066,2.116130e-03,4.478006e-06,0,0,1
790,0.385554,0.000000e+00,0.000000e+00,0,0,1
791,0.386042,2.796209e-03,7.818784e-06,0,0,1
792,0.38653,0.000000e+00,0.000000e+00,0,0,1
793,0.387018,9.826850e-03,9.656697e-05,0,0,1
794,0.387506,0.000000e+00,0.000000e+00,0,0,1
795,0.387994,1.102113e-02,1.214652e-04,0,0,1
796,0.388482,0.000000e+00,0.000000e+00,0,0,1
797,0.38897,9.253729e-03,8.563150e-05,0,0,1
798,0.389458,0.000000e+00,0.000000e+00,0,0,1
799,0.389946,1.719576e-03,2.956941e-06,0,0,1
800,0.390434,0.000000e+00,0.000000e+00,0,0,1
801,0.390922,5.761563e-03,3.319561e-05,0,0,1
802,0.39141,0.000000e+00,0.000000e+00,0,0,1
803,0.391898,8.760696e-03,7.674980e-05,0,0,1
804,0.392387,0.000000e+00,0.000000e+00,0,0,1
805,0.392875,5.271527e-03,2.778900e-05,0,0,1
806,0.393363,0.000000e+00,0.000000e+00,0,0,1
807,0.393851,3.222084e-03,1.038183e-05,0,0,1
808,0.394339,0.000000e+00,0.000000e+00,0,0,1
809,0.394827,5.150404e-03,2.652666e-05,0,0,1
810,0.395315,0.000000e+00,0.000000e+00,0,0,1
811,0.395803,4.589025e-03,2.105915e-05,0,0,1
812,0.396291,0.000000e+00,0.000000e+00,0,0,1
813,0.396779,1.094567e-02,1.198078e-04,0,0,1
814,0.397267,0.000000e+00,0.000000e+00,0,0,1
815,0.397755,5.291983e-03,2.800508e-05,0,0,1
816,0.398243,0.000000e+00,0.000000e+00,0,0,1
817,0.398731,2.510214e-03,6.301173e-06,0,0,1
818,0.399219,0.000000e+00,0.000000e+00,0,0,1
819,0.399707,2.131257e-03,4.542258e-06,0,0,1
820,0.400195,0.000000e+00,0.000000e+00,0,0,1
821,0.400683,1.240420e-02,1.538641e-04,0,0,1
822,0.401171,0.000000e+00,0.000000e+00,0,0,1
823,0.401659,9.469471e-03,8.967087e-05,0,0,1
824,0.402147,0.000000e+00,0.000000e+00,0,0,1
825,0.402635,1.600381e-03,2.561218e-06,0,0,1
826,0.403123,0.000000e+00,0.000000e+00,0,0,1
827,0.403612,1.013377e-03,1.026934e-06,0,0,1
828,0.4041,0.000000e+00,0.000000e+00,0,0,1
829,0.404588,5.163253e-03,2.665919e-05,0,0,1
830,0.405076,0.000000e+00,0.000000e+00,0,0,1
831,0.405564,3.588925e-03,1.288038e-05,0,0,1
832,0.406052,0.000000e+00,0.000000e+00,0,0,1
833,0.40654,6.627900e-04,4.392905e-07,0,0,1
834,0.407028,0.000000e+00,0.000000e+00,0,0,1
835,0.407516,4.696631e-03,2.205834e-05,0,0,1
836,0.408004,0.000000e+00,0.000000e+00,0,0,1
837,0.408492,5.554784e-03,3.085562e-05,0,0,1
838,0.40898,0.000000e+00,0.000000e+00,0,0,1
839,0.409468,5.268315e-03,2.775514e-05,0,0,1
840,0.409956,0.000000e+00,0.000000e+00,0,0,1
841,0.410444,3.780694e-03,1.429365e-05,0,0,1
842,0.410932,0.000000e+00,0.000000e+00,0,0,1
843,0.41142,1.006614e-02,1.013271e-04,0,0,1
844,0.411908,0.000000e+00,0.000000e+00,0,0,1
845,0.412396,1.711962e-03,2.930814e-06,0,0,1
846,0.412884,0.000000e+00,0.000000e+00,0,0,1
847,0.413372,3.948076e-03,1.558730e-05,0,0,1
848,0.41386,0.000000e+00,0.000000e+00,0,0,1
849,0.414348,8.181010e-03,6.692893e-05,0,0,1
850,0.414837,0.000000e+00,0.000000e+00,0,0,1
851,0.415325,3.988168e-03,1.590548e-05,0,0,1
852,0.415813,0.000000e+00,0.000000e+00,0,0,1
853,0.416301,4.846725e-03,2.349075e-05,0,0,1
854,0.416789,0.000000e+00,0.000000e+00,0,0,1
855,0.417277,2.453833e-03,6.021295e-06,0,0,1
856,0.417765,0.000000e+00,0.000000e+00,0,0,1
857,0.418253,2.347622e-03,5.511328e-06,0,0,1
858,0.418741,0.000000e+00,0.000000e+00,0,0,1
859,0.419229,2.526198e-03,6.381676e-06,0,0,1
860,0.419717,0.000000e+00,0.000000e+00,0,0,1
861,0.420205,6.370192e-03,4.057935e-05,0,0,1
862,0.420693,0.000000e+00,0.000000e+00,0,0,1
863,0.421181,8.240521e-03,6.790618e-05,0,0,1
864,0.421669,0.000000e+00,0.000000e+00,0,0,1
865,0.422157,3.495251e-03,1.221678e-05,0,0,1
866,0.422645,0.000000e+00,0.000000e+00,0,0,1
867,0.423133,4.821801e-03,2.324977e-05,0,0,1
868,0.423621,0.000000e+00,0.000000e+00,0,0,1
869,0.424109,7.218067e-03,5.210050e-05,0,0,1
870,0.424597,0.000000e+00,0.000000e+00,0,0,1
871,0.425085,5.156709e-03,2.659164e-05,0,0,1
872,0.425573,0.000000e+00,0.000000e+00,0,0,1
873,0.426061,5.476857e-03,2.999596e-05,0,0,1
874,0.42655,0.000000e+00,0.000000e+00,0,0,1
875,0.427038,2.603447e-03,6.777937e-06,0,0,1
876,0.427526,0.000000e+00,0.000000e+00,0,0,1
877,0.428014,2.111767e-03,4.459561e-06,0,0,1
878,0.428502,0.000000e+00,0.000000e+00,0,0,1
879,0.42899,2.104828e-03,4.430303e-06,0,0,1
880,0.429478,0.000000e+00,0.000000e+00,0,0,1
881,0.429966,8.466697e-03,7.168495e-05,0,0,1
882,0.430454,0.000000e+00,0.000000e+00,0,0,1
883,0.430942,7.842634e-03,6.150690e-05,0,0,1
884,0.43143,0.000000e+00,0.000000e+00,0,0,1
885,0.431918,6.577858e-03,4.326822e-05,0,0,1
886,0.432406,0.000000e+00,0.000000e+00,0,0,1
887,0.432894,4.018806e-03,1.615080e-05,0,0,0
888,0.433382,0.000000e+00,0.000000e+00,0,0,0
889,0.43387,5.250155e-03,2.756412e-05,0,1,0
890,0.434358,0.000000e+00,0.000000e+00,0,0,0
891,0.434846,4.671967e-03,2.182727e-05,0,0,0
892,0.435334,0.000000e+00,0.000000e+00,0,0,1
893,0.435822,1.305318e-02,1.703856e-04,0,0,1
894,0.43631,0.000000e+00,0.000000e+00,0,0,1
895,0.436798,1.926732e-03,3.712296e-06,0,0,1
896,0.437286,0.000000e+00,0.000000e+00,0,0,1
897,0.437775,7.089803e-03,5.026531e-05,0,0,1
898,0.438263,0.000000e+00,0.000000e+00,0,0,1
899,0.438751,6.781428e-03,4.598776e-05,0,0,1
900,0.439239,0.000000e+00,0.000000e+00,0,0,1
901,0.439727,8.943943e-03,7.999411e-05,0,0,1
902,0.440215,0.000000e+00,0.000000e+00,0,0,1
903,0.440703,6.184859e-03,3.825248e-05,0,0,1
904,0.441191,0.000000e+00,0.000000e+00,0,0,1
905,0.441679,5.895493e-03,3.475684e-05,0,0,1
906,0.442167,0.000000e+00,0.000000e+00,0,0,1
907,0.442655,5.173857e-03,2.676880e-05,0,0,1
908,0.443143,0.000000e+00,0.000000e+00,0,0,1
909,0.443631,2.998319e-03,8.989915e-06,0,0,1
910,0.444119,0.000000e+00,0.000000e+00,0,0,1
911,0.444607,7.640934e-03,5.838387e-05,0,0,1
912,0.445095,0.000000e+00,0.000000e+00,0,0,1
913,0.445583,5.569580e-03,3.102022e-05,0,0,1
914,0.446071,0.000000e+00,0.000000e+00,0,0,1
915,0.446559,3.570869e-03,1.275110e-05,0,0,1
916,0.447047,0.000000e+00,0.000000e+00,0,0,1
917,0.447535,1.196658e-03,1.431990e-06,0,0,1
918,0.448023,0.000000e+00,0.000000e+00,0,0,1
919,0.448511,4.536507e-03,2.057989e-05,0,0,1
920,0.449,0.000000e+00,0.000000e+00,0,0,1
921,0.449488,4.870071e-03,2.371759e-05,0,0,1
922,0.449976,0.000000e+00,0.000000e+00,0,0,1
923,0.450464,7.247763e-03,5.253007e-05,0,0,1
924,0.450952,0.000000e+00,0.000000e+00,0,0,1
925,0.45144,1.342366e-03,1.801947e-06,0,0,1
926,0.451928,0.000000e+00,0.000000e+00,0,0,1
927,0.452416,2.175561e-03,4.733068e-06,0,0,1
928,0.452904,0.000000e+00,0.000000e+00,0,0,1
929,0.453392,5.321044e-03,2.831351e-05,0,0,1
930,0.45388,0.000000e+00,0.000000e+00,0,0,1
931,0.454368,6.509679e-03,4.237592e-05,0,0,1
932,0.454856,0.000000e+00,0.000000e+00,0,0,1
933,0.455344,4.958635e-03,2.458806e-05,0,0,1
934,0.455832,0.000000e+00,0.000000e+00,0,0,1
935,0.45632,6.667044e-03,4.444947e-05,0,0,1
936,0.456808,0.000000e+00,0.000000e+00,0,0,1
937,0.457296,2.435155e-03,5.929980e-06,0,0,1
938,0.457784,0.000000e+00,0.000000e+00,0,0,1
939,0.458272,1.154050e-02,1.331831e-04,0,0,1
940,0.45876,0.000000e+00,0.000000e+00,0,0,1
941,0.459248,3.194240e-03,1.020317e-05,0,0,1
942,0.459736,0.000000e+00,0.000000e+00,0,0,1
943,0.460224,5.784358e-03,3.345880e-05,0,0,1
944,0.460713,0.000000e+00,0.000000e+00,0,0,1
945,0.461201,3.206419e-03,1.028112e-05,0,0,1
946,0.461689,0.000000e+00,0.000000e+00,0,0,1
947,0.462177,9.958275e-03,9.916724e-05,0,0,1
948,0.462665,0.000000e+00,0.000000e+00,0,0,1
949,0.463153,7.038843e-03,4.954531e-05,0,0,1
950,0.463641,0.000000e+00,0.000000e+00,0,0,1
951,0.464129,1.063460e-02,1.130947e-04,0,0,1
952,0.464617,0.000000e+00,0.000000e+00,0,0,1
953,0.465105,2.172059e-03,4.717841e-06,0,0,1
954,0.465593,0.000000e+00,0.000000e+00,0,0,1
955,0.466081,4.993267e-03,2.493272e-05,0,0,1
956,0.466569,0.000000e+00,0.000000e+00,0,0,1
957,0.467057,3.674028e-03,1.349848e-05,0,0,1
958,0.467545,0.000000e+00,0.000000e+00,0,0,1
959,0.468033,1.068081e-02,1.140798e-04,0,0,1
960,0.468521,0.000000e+00,0.000000e+00,0,0,1
961,0.469009,7.254639e-03,5.262978e-05,0,0,1
962,0.469497,0.000000e+00,0.000000e+00,0,0,1
963,0.469985,6.027662e-03,3.633270e-05,0,0,1
964,0.470473,0.000000e+00,0.000000e+00,0,0,1
965,0.470961,1.367865e-03,1.871054e-06,0,0,1
966,0.471449,0.000000e+00,0.000000e+00,0,0,1
967,0.471938,5.362270e-03,2.875394e-05,0,0,1
968,0.472426,0.000000e+00,0.000000e+00,0,0,1
969,0.472914,7.826966e-03,6.126140e-05,0,0,1
970,0.473402,0.000000e+00,0.000000e+00,0,0,1
971,0.47389,2.229078e-03,4.968788e-06,0,0,1
972,0.474378,0.000000e+00,0.000000e+00,0,0,1
973,0.474866,7.577004e-03,5.741099e-05,0,0,1
974,0.475354,0.000000e+00,0.000000e+00,0,0,1
975,0.475842,1.027195e-02,1.055129e-04,0,0,1
976,0.47633,0.000000e+00,0.000000e+00,0,0,1
977,0.476818,4.877576e-03,2.379075e-05,0,0,1
978,0.477306,0.000000e+00,0.000000e+00,0,0,1
979,0.477794,7.055558e-03,4.978089e-05,0,0,1
980,0.478282,0.000000e+00,0.000000e+00,0,0,1
981,0.47877,1.327088e-03,1.761163e-06,0,0,1
982,0.479258,0.000000e+00,0.000000e+00,0,0,1
983,0.479746,6.748591e-03,4.554348e-05,0,0,1
984,0.480234,0.000000e+00,0.000000e+00,0,0,1
985,0.480722,8.125859e-04,6.602958e-07,0,0,1
986,0.48121,0.000000e+00,0.000000e+00,0,0,1
987,0.481698,1.322807e-02,1.749818e-04,0,0,1
988,0.482186,0.000000e+00,0.000000e+00,0,0,1
989,0.482674,5.775541e-03,3.335687e-05,0,0,1
990,0.483163,0.000000e+00,0.000000e+00,0,0,1
991,0.483651,6.232958e-04,3.884977e-07,0,0,1
992,0.484139,0.000000e+00,0.000000e+00,0,0,1
993,0.484627,6.922532e-03,4.792145e-05,0,0,1
994,0.485115,0.000000e+00,0.000000e+00,0,0,1
995,0.485603,7.031786e-03,4.944602e-05,0,0,1
996,0.486091,0.000000e+00,0.000000e+00,0,0,1
997,0.486579,7.291879e-03,5.317150e-05,0,0,1
998,0.487067,0.000000e+00,0.000000e+00,0,0,1
999,0.487555,5.403354e-03,2.919624e-05,0,0,1
1000,0.488043,0.000000e+00,0.000000e+00,0,0,1
1001,0.488531,1.810541e-03,3.278058e-06,0,0,1
1002,0.489019,0.000000e+00,0.000000e+00,0,0,1
1003,0.489507,8.694132e-03,7.558793e-05,0,0,1
1004,0.489995,0.000000e+00,0.000000e+00,0,0,1
1005,0.490483,6.474331e-03,4.191696e-05,0,0,1
1006,0.490971,0.000000e+00,0.000000e+00,0,0,1
1007,0.491459,1.475729e-03,2.177777e-06,0,0,1
1008,0.491947,0.000000e+00,0.000000e+00,0,0,1
1009,0.492435,1.954822e-03,3.821328e-06,0,0,1
1010,0.492923,0.000000e+00,0.000000e+00,0,0,1
1011,0.493411,4.704503e-03,2.213235e-05,0,0,1
1012,0.493899,0.000000e+00,0.000000e+00,0,0,1
1013,0.494388,5.032272e-03,2.532376e-05,0,0,1
1014,0.494876,0.000000e+00,0.000000e+00,0,0,1
1015,0.495364,1.615595e-03,2.610148e-06,0,0,1
1016,0.495852,0.000000e+00,0.000000e+00,0,0,1
1017,0.49634,2.776051e-03,7.706461e-06,0,0,1
1018,0.496828,0.000000e+00,0.000000e+00,0,0,1
1019,0.497316,2.916312e-03,8.504878e-06,0,0,1
1020,0.497804,0.000000e+00,0.000000e+00,0,0,1
1021,0.498292,6.504835e-03,4.231288e-05,0,0,1
1022,0.49878,0.000000e+00,0.000000e+00,0,0,1
1023,0.499268,1.571327e-03,2.469068e-06,0,0,1
1024,0.499756,0.000000e+00,0.000000e+00,0,0,1
1025,0.500244,6.556507e-03,4.298778e-05,0,0,1
1026,0.500732,0.000000e+00,0.000000e+00,0,0,1
1027,0.50122,5.896015e-04,3.476300e-07,0,0,1
1028,0.501708,0.000000e+00,0.000000e+00,0,0,1
1029,0.502196,2.891019e-03,8.357988e-06,0,0,1
1030,0.502684,0.000000e+00,0.000000e+00,0,0,1
1031,0.503172,2.433950e-03,5.924114e-06,0,0,1
1032,0.50366,0.000000e+00,0.000000e+00,0,0,1
1033,0.504148,9.928194e-03,9.856903e-05,0,0,1
1034,0.504636,0.000000e+00,0.000000e+00,0,0,1
1035,0.505124,6.063063e-03,3.676074e-05,0,0,1
1036,0.505612,0.000000e+00,0.000000e+00,0,0,1
1037,0.506101,6.904769e-03,4.767583e-05,0,0,1
1038,0.506589,0.000000e+00,0.000000e+00,0,0,1
1039,0.507077,7.560796e-04,5.716563e-07,0,0,1
1040,0.507565,0.000000e+00,0.000000e+00,0,0,1
1041,0.508053,4.758724e-03,2.264546e-05,0,0,1
1042,0.508541,0.000000e+00,0.000000e+00,0,0,1
1043,0.509029,8.399387e-03,7.054970e-05,0,0,1
1044,0.509517,0.000000e+00,0.000000e+00,0,0,1
1045,0.510005,1.066231e-02,1.136850e-04,0,0,1
1046,0.510493,0.000000e+00,0.000000e+00,0,0,1
1047,0.510981,6.185601e-03,3.826166e-05,0,0,1
1048,0.511469,0.000000e+00,0.000000e+00,0,0,1
1049,0.511957,4.242299e-03,1.799710e-05,0,0,1
1050,0.512445,0.000000e+00,0.000000e+00,0,0,1
1051,0.512933,3.536160e-03,1.250443e-05,0,0,1
1052,0.513421,0.000000e+00,0.000000e+00,0,0,1
1053,0.513909,1.090450e-02,1.189080e-04,0,0,1
1054,0.514397,0.000000e+00,0.000000e+00,0,0,1
1055,0.514885,7.623753e-03,5.812161e-05,0,0,1
1056,0.515373,0.000000e+00,0.000000e+00,0,0,1
1057,0.515861,5.891595e-03,3.471089e-05,0,0,1
1058,0.516349,0.000000e+00,0.000000e+00,0,0,1
1059,0.516837,4.156010e-03,1.727242e-05,0,0,1
1060,0.517326,0.000000e+00,0.000000e+00,0,0,1
1061,0.517814,2.417424e-03,5.843937e-06,0,0,1
1062,0.518302,0.000000e+00,0.000000e+00,0,0,1
1063,0.51879,5.890020e-03,3.469233e-05,0,0,1
1064,0.519278,0.000000e+00,0.000000e+00,0,0,1
1065,0.519766,7.216145e-03,5.207274e-05,0,0,1
1066,0.520254,0.000000e+00,0.000000e+00,0,0,1
1067,0.520742,4.135293e-03,1.710064e-05,0,0,1
1068,0.52123,0.000000e+00,0.000000e+00,0,0,1
1069,0.521718,6.198844e-03,3.842567e-05,0,0,1
1070,0.522206,0.000000e+00,0.000000e+00,0,0,1
1071,0.522694,3.784100e-03,1.431941e-05,0,0,1
1072,0.523182,0.000000e+00,0.000000e+00,0,0,1
1073,0.52367,5.593180e-03,3.128367e-05,0,0,1
1074,0.524158,0.000000e+00,0.000000e+00,0,0,1
1075,0.524646,3.547694e-03,1.258613e-05,0,0,1
1076,0.525134,0.000000e+00,0.000000e+00,0,0,1
1077,0.525622,5.040909e-03,2.541076e-05,0,0,1
1078,0.52611,0.000000e+00,0.000000e+00,0,0,1
1079,0.526598,4.903566e-03,2.404496e-05,0,0,1
1080,0.527086,0.000000e+00,0.000000e+00,0,0,1
1081,0.527574,3.967288e-03,1.573938e-05,0,0,1
1082,0.528062,0.000000e+00,0.000000e+00,0,0,1
1083,0.528551,5.033585e-03,2.533698e-05,0,0,1
1084,0.529039,0.000000e+00,0.000000e+00,0,0,1
1085,0.529527,3.813590e-03,1.454347e-05,0,0,1
1086,0.530015,0.000000e+00,0.000000e+00,0,0,1
1087,0.530503,3.683363e-03,1.356716e-05,0,0,1
1088,0.530991,0.000000e+00,0.000000e+00,0,0,1
1089,0.531479,3.708365e-03,1.375197e-05,0,0,1
1090,0.531967,0.000000e+00,0.000000e+00,0,0,1
1091,0.532455,8.712416e-03,7.590619e-05,0,0,1
1092,0.532943,0.000000e+00,0.000000e+00,0,0,1
1093,0.533431,3.406082e-03,1.160139e-05,0,0,1
1094,0.533919,0.000000e+00,0.000000e+00,0,0,1
1095,0.534407,2.828869e-03,8.002497e-06,0,0,1
1096,0.534895,0.000000e+00,0.000000e+00,0,0,1
1097,0.535383,2.473409e-03,6.117751e-06,0,0,1
1098,0.535871,0.000000e+00,0.000000e+00,0,0,1
1099,0.536359,7.551747e-03,5.702888e-05,0,0,1
1100,0.536847,0.000000e+00,0.000000e+00,0,0,1
1101,0.537335,5.885220e-03,3.463582e-05,0,0,1
1102,0.537823,0.000000e+00,0.000000e+00,0,0,1
1103,0.538311,6.869240e-03,4.718646e-05,0,0,1
1104,0.538799,0.000000e+00,0.000000e+00,0,0,1
1105,0.539287,1.037964e-02,1.077369e-04,0,0,1
1106,0.539776,0.000000e+00,0.000000e+00,0,0,1
1107,0.540264,9.154323e-03,8.380162e-05,0,0,1
1108,0.540752,0.000000e+00,0.000000e+00,0,0,1
1109,0.54124,9.942567e-03,9.885465e-05,0,0,1
1110,0.541728,0.000000e+00,0.000000e+00,0,0,1
1111,0.542216,8.572510e-03,7.348793e-05,0,0,1
1112,0.542704,0.000000e+00,0.000000e+00,0,0,1
1113,0.543192,3.503061e-03,1.227143e-05,0,0,1
1114,0.54368,0.000000e+00,0.000000e+00,0,0,1
1115,0.544168,5.530039e-03,3.058133e-05,0,0,1
1116,0.544656,0.000000e+00,0.000000e+00,0,0,1
1117,0.545144,4.430855e-03,1.963248e-05,0,0,1
1118,0.545632,0.000000e+00,0.000000e+00,0,0,1
1119,0.54612,1.022291e-02,1.045079e-04,0,0,1
1120,0.546608,0.000000e+00,0.000000e+00,0,0,1
1121,0.547096,6.122100e-03,3.748011e-05,0,0,1
1122,0.547584,0.000000e+00,0.000000e+00,0,0,1
1123,0.548072,6.148517e-03,3.780427e-05,0,0,1
1124,0.54856,0.000000e+00,0.000000e+00,0,0,1
1125,0.549048,1.679510e-03,2.820755e-06,0,0,1
1126,0.549536,0.000000e+00,0.000000e+00,0,0,1
1127,0.550024,7.141862e-03,5.100619e-05,0,0,1
1128,0.550512,0.000000e+00,0.000000e+00,0,0,1
1129,0.551,1.297415e-03,1.683285e-06,0,0,1
1130,0.551489,0.000000e+00,0.000000e+00,0,0,1
1131,0.551977,3.136994e-03,9.840730e-06,0,0,1
1132,0.552465,0.000000e+00,0.000000e+00,0,0,1
1133,0.552953,1.324196e-02,1.753496e-04,0,0,1
1134,0.553441,0.000000e+00,0.000000e+00,0,0,1
1135,0.553929,4.112637e-03,1.691379e-05,0,0,1
1136,0.554417,0.000000e+00,0.000000e+00,0,0,1
1137,0.554905,1.277837e-02,1.632868e-04,0,0,1
1138,0.555393,0.000000e+00,0.000000e+00,0,0,1
1139,0.555881,9.031146e-04,8.156159e-07,0,0,1
1140,0.556369,0.000000e+00,0.000000e+00,0,0,1
1141,0.556857,1.542823e-03,2.380302e-06,0,0,1
1142,0.557345,0.000000e+00,0.000000e+00,0,0,1
1143,0.557833,3.575386e-03,1.278339e-05,0,0,1
1144,0.558321,0.000000e+00,0.000000e+00,0,0,1
1145,0.558809,8.558955e-03,7.325571e-05,0,0,1
1146,0.559297,0.000000e+00,0.000000e+00,0,0,1
1147,0.559785,3.302799e-03,1.090848e-05,0,0,1
1148,0.560273,0.000000e+00,0.000000e+00,0,0,1
1149,0.560761,7.189036e-03,5.168224e-05,0,0,1
1150,0.561249,0.000000e+00,0.000000e+00,0,0,1
1151,0.561737,7.062826e-03,4.988351e-05,0,0,1
1152,0.562225,0.000000e+00,0.000000e+00,0,0,1
1153,0.562714,6.599085e-03,4.354792e-05,0,0,1
1154,0.563202,0.000000e+00,0.000000e+00,0,0,1
1155,0.56369,7.650981e-03,5.853751e-05,0,0,1
1156,0.564178,0.000000e+00,0.000000e+00,0,0,1
1157,0.564666,8.598467e-03,7.393364e-05,0,0,1
1158,0.565154,0.000000e+00,0.000000e+00,0,0,1
1159,0.565642,2.256954e-03,5.093843e-06,0,0,1
1160,0.56613,0.000000e+00,0.000000e+00,0,0,1
1161,0.566618,8.203625e-03,6.729946e-05,0,0,1
1162,0.567106,0.000000e+00,0.000000e+00,0,0,1
1163,0.567594,5.805482e-03,3.370362e-05,0,0,1
1164,0.568082,0.000000e+00,0.000000e+00,0,0,1
1165,0.56857,7.748739e-03,6.004296e-05,0,0,1
1166,0.569058,0.000000e+00,0.000000e+00,0,0,1
1167,0.569546,4.095798e-03,1.677556e-05,0,0,1
1168,0.570034,0.000000e+00,0.000000e+00,0,0,1
1169,0.570522,1.031315e-03,1.063611e-06,0,0,1
1170,0.57101,0.000000e+00,0.000000e+00,0,0,1
1171,0.571498,1.765516e-03,3.117047e-06,0,0,1
1172,0.571986,0.000000e+00,0.000000e+00,0,0,1
1173,0.572474,3.735579e-03,1.395455e-05,0,0,1
1174,0.572962,0.000000e+00,0.000000e+00,0,0,1
1175,0.57345,7.027136e-03,4.938065e-05,0,0,1
1176,0.573939,0.000000e+00,0.000000e+00,0,0,1
1177,0.574427,9.037931e-03,8.168420e-05,0,0,1
1178,0.574915,0.000000e+00,0.000000e+00,0,0,1
1179,0.575403,2.111965e-03,4.460394e-06,0,0,1
1180,0.575891,0.000000e+00,0.000000e+00,0,0,1
1181,0.576379,3.824146e-03,1.462409e-05,0,0,1
1182,0.576867,0.000000e+00,0.000000e+00,0,0,1
1183,0.577355,6.352215e-03,4.035063e-05,0,0,1
1184,0.577843,0.000000e+00,0.000000e+00,0,0,1
1185,0.578331,1.449409e-03,2.100787e-06,0,0,1
1186,0.578819,0.000000e+00,0.000000e+00,0,0,1
1187,0.579307,7.751275e-03,6.008227e-05,0,0,1
1188,0.579795,0.000000e+00,0.000000e+00,0,0,1
1189,0.580283,9.841467e-04,9.685447e-07,0,0,1
1190,0.580771,0.000000e+00,0.000000e+00,0,0,1
1191,0.581259,1.608244e-03,2.586449e-06,0,0,1
1192,0.581747,0.000000e+00,0.000000e+00,0,0,1
1193,0.582235,8.755805e-03,7.666412e-05,0,0,1
1194,0.582723,0.000000e+00,0.000000e+00,0,0,1
1195,0.583211,2.331658e-03,5.436628e-06,0,0,1
1196,0.583699,0.000000e+00,0.000000e+00,0,0,1
1197,0.584187,2.027314e-03,4.110003e-06,0,0,1
1198,0.584675,0.000000e+00,0.000000e+00,0,0,1
1199,0.585163,3.844659e-03,1.478140e-05,0,0,1
1200,0.585652,0.000000e+00,0.000000e+00,0,0,1
1201,0.58614,7.591628e-03,5.763281e-05,0,0,1
1202,0.586628,0.000000e+00,0.000000e+00,0,0,1
1203,0.587116,3.276297e-03,1.073412e-05,0,0,1
1204,0.587604,0.000000e+00,0.000000e+00,0,0,1
1205,0.588092,6.356381e-03,4.040358e-05,0,0,1
1206,0.58858,0.000000e+00,0.000000e+00,0,0,1
1207,0.589068,2.519794e-03,6.349364e-06,0,0,1
1208,0.589556,0.000000e+00,0.000000e+00,0,0,1
1209,0.590044,4.615812e-03,2.130572e-05,0,0,1
1210,0.590532,0.000000e+00,0.000000e+00,0,0,1
1211,0.59102,1.225757e-02,1.502479e-04,0,0,1
1212,0.591508,0.000000e+00,0.000000e+00,0,0,1
1213,0.591996,1.285964e-03,1.653703e-06,0,0,1
1214,0.592484,0.000000e+00,0.000000e+00,0,0,1
1215,0.592972,3.511675e-03,1.233186e-05,0,0,1
1216,0.59346,0.000000e+00,0.000000e+00,0,0,1
1217,0.593948,8.733368e-03,7.627171e-05,0,0,1
1218,0.594436,0.000000e+00,0.000000e+00,0,0,1
1219,0.594924,4.028336e-03,1.622749e-05,0,0,1
1220,0.595412,0.000000e+00,0.000000e+00,0,0,1
1221,0.5959,3.873253e-03,1.500209e-05,0,0,1
1222,0.596388,0.000000e+00,0.000000e+00,0,0,1
1223,0.596877,4.618143e-03,2.132725e-05,0,0,1
1224,0.597365,0.000000e+00,0.000000e+00,0,0,1
1225,0.597853,6.904195e-03,4.766790e-05,0,0,1
1226,0.598341,0.000000e+00,0.000000e+00,0,0,1
1227,0.598829,9.003343e-03,8.106018e-05,0,0,1
1228,0.599317,0.000000e+00,0.000000e+00,0,0,1
1229,0.599805,3.150875e-03,9.928010e-06,0,0,1
1230,0.600293,0.000000e+00,0.000000e+00,0,0,1
1231,0.600781,6.130128e-03,3.757847e-05,0,0,1
1232,0.601269,0.000000e+00,0.000000e+00,0,0,1
1233,0.601757,8.412655e-03,7.077277e-05,0,0,1
1234,0.602245,0.000000e+00,0.000000e+00,0,0,1
1235,0.602733,6.544064e-03,4.282477e-05,0,0,1
1236,0.603221,0.000000e+00,0.000000e+00,0,0,1
1237,0.603709,1.147559e-02,1.316892e-04,0,0,1
1238,0.604197,0.000000e+00,0.000000e+00,0,0,1
1239,0.604685,1.896335e-03,3.596088e-06,0,0,1
1240,0.605173,0.000000e+00,0.000000e+00,0,0,1
1241,0.605661,2.122120e-03,4.503393e-06,0,0,1
1242,0.606149,0.000000e+00,0.000000e+00,0,0,1
1243,0.606637,4.750514e-03,2.256738e-05,0,0,1
1244,0.607125,0.000000e+00,0.000000e+00,0,0,1
1245,0.607613,2.652724e-03,7.036944e-06,0,0,1
1246,0.608102,0.000000e+00,0.000000e+00,0,0,1
1247,0.60859,5.378773e-03,2.893120e-05,0,0,1
1248,0.609078,0.000000e+00,0.000000e+00,0,0,1
1249,0.609566,6.819835e-03,4.651015e-05,0,0,1
1250,0.610054,0.000000e+00,0.000000e+00,0,0,1
1251,0.610542,7.944999e-03,6.312301e-05,0,0,1
1252,0.61103,0.000000e+00,0.000000e+00,0,0,1
1253,0.611518,2.177949e-03,4.743463e-06,0,0,1
1254,0.612006,0.000000e+00,0.000000e+00,0,0,1
1255,0.612494,5.375196e-03,2.889273e-05,0,0,1
1256,0.612982,0.000000e+00,0.000000e+00,0,0,1
1257,0.61347,5.930581e-03,3.517179e-05,0,0,1
1258,0.613958,0.000000e+00,0.000000e+00,0,0,1
1259,0.614446,9.557939e-03,9.135419e-05,0,0,1
1260,0.614934,0.000000e+00,0.000000e+00,0,0,1
1261,0.615422,3.795127e-03,1.440299e-05,0,0,1
1262,0.61591,0.000000e+00,0.000000e+00,0,0,1
1263,0.616398,8.866591e-03,7.861643e-05,0,0,1
1264,0.616886,0.000000e+00,0.000000e+00,0,0,1
1265,0.617374,2.472359e-03,6.112558e-06,0,0,1
1266,0.617862,0.000000e+00,0.000000e+00,0,0,1
1267,0.61835,9.577252e-03,9.172375e-05,0,0,1
1268,0.618838,0.000000e+00,0.000000e+00,0,0,1
1269,0.619327,2.701586e-03,7.298565e-06,0,0,1
1270,0.619815,0.000000e+00,0.000000e+00,0,0,1
1271,0.620303,7.223856e-03,5.218410e-05,0,0,1
1272,0.620791,0.000000e+00,0.000000e+00,0,0,1
1273,0.621279,7.129970e-03,5.083647e-05,0,0,1
1274,0.621767,0.000000e+00,0.000000e+00,0,0,1
1275,0.622255,4.465767e-03,1.994307e-05,0,0,1
1276,0.622743,0.000000e+00,0.000000e+00,0,0,1
1277,0.623231,1.033412e-02,1.067941e-04,0,0,1
1278,0.623719,0.000000e+00,0.000000e+00,0,0,1
1279,0.624207,1.150743e-03,1.324209e-06,0,0,1
1280,0.624695,0.000000e+00,0.000000e+00,0,0,1
1281,0.625183,4.051041e-03,1.641093e-05,0,0,1
1282,0.625671,0.000000e+00,0.000000e+00,0,0,1
1283,0.626159,3.934416e-03,1.547963e-05,0,0,1
1284,0.626647,0.000000e+00,0.000000e+00,0,0,1
1285,0.627135,2.346790e-03,5.507423e-06,0,0,1
1286,0.627623,0.000000e+00,0.000000e+00,0,0,1
1287,0.628111,8.612893e-03,7.418193e-05,0,0,1
1288,0.628599,0.000000e+00,0.000000e+00,0,0,1
1289,0.629087,1.788315e-03,3.198072e-06,0,0,1
1290,0.629575,0.000000e+00,0.000000e+00,0,0,1
1291,0.630063,1.044972e-02,1.091966e-04,0,0,1
1292,0.630551,0.000000e+00,0.000000e+00,0,0,1
1293,0.63104,4.085783e-03,1.669362e-05,0,0,1
1294,0.631528,0.000000e+00,0.000000e+00,0,0,1
1295,0.632016,5.968710e-03,3.562550e-05,0,0,1
1296,0.632504,0.000000e+00,0.000000e+00,0,0,1
1297,0.632992,5.793970e-03,3.357009e-05,0,0,1
1298,0.63348,0.000000e+00,0.000000e+00,0,0,1
1299,0.633968,7.299312e-03,5.327995e-05,0,0,1
1300,0.634456,0.000000e+00,0.000000e+00,0,0,1
1301,0.634944,3.350709e-03,1.122725e-05,0,0,1
1302,0.635432,0.000000e+00,0.000000e+00,0,0,1
1303,0.63592,1.681358e-02,2.826965e-04,0,0,1
1304,0.636408,0.000000e+00,0.000000e+00,0,0,1
1305,0.636896,6.254380e-03,3.911726e-05,0,0,1
1306,0.637384,0.000000e+00,0.000000e+00,0,0,1
1307,0.637872,2.666735e-03,7.111477e-06,0,0,1
1308,0.63836,0.000000e+00,0.000000e+00,0,0,1
1309,0.638848,3.573254e-03,1.276814e-05,0,0,1
1310,0.639336,0.000000e+00,0.000000e+00,0,0,1
1311,0.639824,6.576502e-03,4.325038e-05,0,0,1
1312,0.640312,0.000000e+00,0.000000e+00,0,0,1
1313,0.6408,3.895393e-03,1.517409e-05,0,0,1
1314,0.641288,0.000000e+00,0.000000e+00,0,0,1
1315,0.641776,4.322450e-03,1.868358e-05,0,0,1
1316,0.642265,0.000000e+00,0.000000e+00,0,0,1
1317,0.642753,8.486684e-03,7.202381e-05,0,0,1
1318,0.643241,0.000000e+00,0.000000e+00,0,0,1
1319,0.643729,5.219003e-03,2.723799e-05,0,0,1
1320,0.644217,0.000000e+00,0.000000e+00,0,0,1
1321,0.644705,2.505965e-03,6.279862e-06,0,0,1
1322,0.645193,0.000000e+00,0.000000e+00,0,0,1
1323,0.645681,8.478102e-03,7.187822e-05,0,0,1
1324,0.646169,0.000000e+00,0.000000e+00,0,0,1
1325,0.646657,1.021238e-02,1.042927e-04,0,0,1
1326,0.647145,0.000000e+00,0.000000e+00,0,0,1
1327,0.647633,3.215239e-03,1.033776e-05,0,0,1
1328,0.648121,0.000000e+00,0.000000e+00,0,0,1
1329,0.648609,1.934166e-03,3.741000e-06,0,0,1
1330,0.649097,0.000000e+00,0.000000e+00,0,0,1
1331,0.649585,9.024470e-03,8.144105e-05,0,0,1
1332,0.650073,0.000000e+00,0.000000e+00,0,0,1
1333,0.650561,3.023599e-03,9.142149e-06,0,0,1
1334,0.651049,0.000000e+00,0.000000e+00,0,0,1
1335,0.651537,3.022265e-03,9.134083e-06,0,0,1
1336,0.652025,0.000000e+00,0.000000e+00,0,0,1
1337,0.652513,1.111150e-02,1.234654e-04,0,0,1
1338,0.653001,0.000000e+00,0.000000e+00,0,0,1
1339,0.65349,3.454156e-03,1.193119e-05,0,0,1
1340,0.653978,0.000000e+00,0.000000e+00,0,0,1
1341,0.654466,1.495767e-02,2.237320e-04,0,0,1
1342,0.654954,0.000000e+00,0.000000e+00,0,0,1
1343,0.655442,8.090730e-03,6.545992e-05,0,0,1
1344,0.65593,0.000000e+00,0.000000e+00,0,0,1
1345,0.656418,2.552961e-03,6.517610e-06,0,0,1
1346,0.656906,0.000000e+00,0.000000e+00,0,0,1
1347,0.657394,2.251483e-03,5.069175e-06,0,0,1
1348,0.657882,0.000000e+00,0.000000e+00,0,0,1
1349,0.65837,3.113290e-03,9.692577e-06,0,0,1
1350,0.658858,0.000000e+00,0.000000e+00,0,0,1
1351,0.659346,1.598230e-03,2.554340e-06,0,0,1
1352,0.659834,0.000000e+00,0.000000e+00,0,0,1
1353,0.660322,7.746493e-03,6.000815e-05,0,0,1
1354,0.66081,0.000000e+00,0.000000e+00,0,0,1
1355,0.661298,6.804020e-03,4.629469e-05,0,0,1
1356,0.661786,0.000000e+00,0.000000e+00,0,0,1
1357,0.662274,2.469691e-03,6.099376e-06,0,0,1
1358,0.662762,0.000000e+00,0.000000e+00,0,0,1
1359,0.66325,8.546797e-03,7.304774e-05,0,0,1
1360,0.663738,0.000000e+00,0.000000e+00,0,0,1
1361,0.664226,5.963232e-03,3.556013e-05,0,0,1
1362,0.664714,0.000000e+00,0.000000e+00,0,0,1
1363,0.665203,9.331625e-03,8.707922e-05,0,0,1
1364,0.665691,0.000000e+00,0.000000e+00,0,0,1
1365,0.666179,1.101388e-02,1.213056e-04,0,0,1
1366,0.666667,0.000000e+00,0.000000e+00,0,0,1
1367,0.667155,7.217079e-03,5.208624e-05,0,0,1
1368,0.667643,0.000000e+00,0.000000e+00,0,0,1
1369,0.668131,1.276968e-02,1.630647e-04,0,0,1
1370,0.668619,0.000000e+00,0.000000e+00,0,0,1
1371,0.669107,7.596695e-03,5.770977e-05,0,0,1
1372,0.669595,0.000000e+00,0.000000e+00,0,0,1
1373,0.670083,6.968816e-03,4.856439e-05,0,0,1
1374,0.670571,0.000000e+00,0.000000e+00,0,0,1
1375,0.671059,3.768296e-03,1.420005e-05,0,0,1
1376,0.671547,0.000000e+00,0.000000e+00,0,0,1
1377,0.672035,6.460484e-03,4.173785e-05,0,0,1
1378,0.672523,0.000000e+00,0.000000e+00,0,0,1
1379,0.673011,4.067681e-03,1.654603e-05,0,0,1
1380,0.673499,0.000000e+00,0.000000e+00,0,0,1
1381,0.673987,1.359391e-02,1.847945e-04,0,0,1
1382,0.674475,0.000000e+00,0.000000e+00,0,0,1
1383,0.674963,5.108565e-03,2.609744e-05,0,0,1
1384,0.675451,0.000000e+00,0.000000e+00,0,0,1
1385,0.675939,1.947321e-03,3.792060e-06,0,0,1
1386,0.676428,0.000000e+00,0.000000e+00,0,0,1
1387,0.676916,3.689627e-03,1.361335e-05,0,0,1
1388,0.677404,0.000000e+00,0.000000e+00,0,0,1
1389,0.677892,6.519014e-03,4.249755e-05,0,0,1
1390,0.67838,0.000000e+00,0.000000e+00,0,0,1
1391,0.678868,1.645282e-03,2.706954e-06,0,0,1
1392,0.679356,0.000000e+00,0.000000e+00,0,0,1
1393,0.679844,6.436433e-03,4.142768e-05,0,0,1
1394,0.680332,0.000000e+00,0.000000e+00,0,0,1
1395,0.68082,2.013930e-03,4.055914e-06,0,0,1
1396,0.681308,0.000000e+00,0.000000e+00,0,0,1
1397,0.681796,4.880898e-03,2.382316e-05,0,0,1
1398,0.682284,0.000000e+00,0.000000e+00,0,0,1
1399,0.682772,6.266648e-03,3.927088e-05,0,0,1
1400,0.68326,0.000000e+00,0.000000e+00,0,0,1
1401,0.683748,7.939880e-03,6.304169e-05,0,0,1
1402,0.684236,0.000000e+00,0.000000e+00,0,0,1
1403,0.684724,8.698347e-03,7.566124e-05,0,0,1
1404,0.685212,0.000000e+00,0.000000e+00,0,0,1
1405,0.6857,3.472220e-03,1.205631e-05,0,0,1
1406,0.686188,0.000000e+00,0.000000e+00,0,0,1
1407,0.686676,2.266150e-03,5.135435e-06,0,0,1
1408,0.687164,0.000000e+00,0.000000e+00,0,0,1
1409,0.687653,6.420707e-03,4.122547e-05,0,0,1
1410,0.688141,0.000000e+00,0.000000e+00,0,0,1
1411,0.688629,6.178165e-03,3.816972e-05,0,0,1
1412,0.689117,0.000000e+00,0.000000e+00,0,0,1
1413,0.689605,4.450325e-03,1.980540e-05,0,0,1
1414,0.690093,0.000000e+00,0.000000e+00,0,0,1
1415,0.690581,4.855726e-03,2.357808e-05,0,0,1
1416,0.691069,0.000000e+00,0.000000e+00,0,0,1
1417,0.691557,1.092238e-02,1.192983e-04,0,0,1
1418,0.692045,0.000000e+00,0.000000e+00,0,0,1
1419,0.692533,1.151226e-02,1.325322e-04,0,0,1
1420,0.693021,0.000000e+00,0.000000e+00,0,0,1
1421,0.693509,2.087643e-03,4.358254e-06,0,0,1
1422,0.693997,0.000000e+00,0.000000e+00,0,0,1
1423,0.694485,8.207119e-03,6.735680e-05,0,0,1
1424,0.694973,0.000000e+00,0.000000e+00,0,0,1
1425,0.695461,3.947719e-03,1.558449e-05,0,0,1
1426,0.695949,0.000000e+00,0.000000e+00,0,0,1
1427,0.696437,1.290792e-02,1.666143e-04,0,0,1
1428,0.696925,0.000000e+00,0.000000e+00,0,0,1
1429,0.697413,4.626118e-03,2.140097e-05,0,0,1
1430,0.697901,0.000000e+00,0.000000e+00,0,0,1
1431,0.698389,3.298820e-03,1.088221e-05,0,0,1
1432,0.698878,0.000000e+00,0.000000e+00,0,0,1
1433,0.699366,7.432417e-03,5.524083e-05,0,0,1
1434,0.699854,0.000000e+00,0.000000e+00,0,0,1
1435,0.700342,3.138427e-03,9.849725e-06,0,0,1
1436,0.70083,0.000000e+00,0.000000e+00,0,0,1
1437,0.701318,8.682725e-03,7.538972e-05,0,0,1
1438,0.701806,0.000000e+00,0.000000e+00,0,0,1
1439,0.702294,8.626324e-03,7.441346e-05,0,0,1
1440,0.702782,0.000000e+00,0.000000e+00,0,0,1
1441,0.70327,6.696803e-03,4.484718e-05,0,0,1
1442,0.703758,0.000000e+00,0.000000e+00,0,0,1
1443,0.704246,6.876838e-03,4.729090e-05,0,0,1
1444,0.704734,0.000000e+00,0.000000e+00,0,0,1
1445,0.705222,8.764832e-03,7.682228e-05,0,0,1
1446,0.70571,0.000000e+00,0.000000e+00,0,0,1
1447,0.706198,6.669539e-03,4.448275e-05,0,0,1
1448,0.706686,0.000000e+00,0.000000e+00,0,0,1
1449,0.707174,3.764532e-03,1.417170e-05,0,0,1
1450,0.707662,0.000000e+00,0.000000e+00,0,0,1
1451,0.70815,7.168614e-03,5.138902e-05,0,0,1
1452,0.708638,0.000000e+00,0.000000e+00,0,0,1
1453,0.709126,1.397599e-02,1.953284e-04,0,0,1
1454,0.709614,0.000000e+00,0.000000e+00,0,0,1
1455,0.710102,1.123599e-02,1.262474e-04,0,0,1
1456,0.710591,0.000000e+00,0.000000e+00,0,0,1
1457,0.711079,8.585316e-03,7.370765e-05,0,0,1
1458,0.711567,0.000000e+00,0.000000e+00,0,0,1
1459,0.712055,6.965395e-03,4.851673e-05,0,0,1
1460,0.712543,0.000000e+00,0.000000e+00,0,0,1
1461,0.713031,6.003623e-03,3.604349e-05,0,0,1
1462,0.713519,0.000000e+00,0.000000e+00,0,0,1
1463,0.714007,9.062670e-03,8.213198e-05,0,0,1
1464,0.714495,0.000000e+00,0.000000e+00,0,0,1
1465,0.714983,8.802557e-03,7.748502e-05,0,0,1
1466,0.715471,0.000000e+00,0.000000e+00,0,0,1
1467,0.715959,1.048170e-02,1.098661e-04,0,0,1
1468,0.716447,0.000000e+00,0.000000e+00,0,0,1
1469,0.716935,5.468688e-03,2.990655e-05,0,0,1
1470,0.717423,0.000000e+00,0.000000e+00,0,0,1
1471,0.717911,5.090399e-03,2.591216e-05,0,0,1
1472,0.718399,0.000000e+00,0.000000e+00,0,0,1
1473,0.718887,2.241742e-03,5.025405e-06,0,0,1
1474,0.719375,0.000000e+00,0.000000e+00,0,0,1
1475,0.719863,3.611860e-03,1.304553e-05,0,0,1
1476,0.720351,0.000000e+00,0.000000e+00,0,0,1
1477,0.720839,6.537554e-03,4.273961e-05,0,0,1
1478,0.721327,0.000000e+00,0.000000e+00,0,0,1
1479,0.721816,7.400054e-03,5.476080e-05,0,0,1
1480,0.722304,0.000000e+00,0.000000e+00,0,0,1
1481,0.722792,5.502198e-03,3.027419e-05,0,0,1
1482,0.72328,0.000000e+00,0.000000e+00,0,0,1
1483,0.723768,5.908635e-03,3.491197e-05,0,0,1
1484,0.724256,0.000000e+00,0.000000e+00,0,0,1
1485,0.724744,9.361345e-03,8.763478e-05,0,0,1
1486,0.725232,0.000000e+00,0.000000e+00,0,0,1
1487,0.72572,4.196818e-03,1.761328e-05,0,0,1
1488,0.726208,0.000000e+00,0.000000e+00,0,0,1
1489,0.726696,6.019578e-03,3.623532e-05,0,0,1
1490,0.727184,0.000000e+00,0.000000e+00,0,0,1
1491,0.727672,3.442256e-03,1.184913e-05,0,0,1
1492,0.72816,0.000000e+00,0.000000e+00,0,0,1
1493,0.728648,9.041556e-03,8.174973e-05,0,0,1
1494,0.729136,0.000000e+00,0.000000e+00,0,0,1
1495,0.729624,4.137515e-03,1.711903e-05,0,0,1
1496,0.730112,0.000000e+00,0.000000e+00,0,0,1
1497,0.7306,5.554105e-03,3.084808e-05,0,0,1
1498,0.731088,0.000000e+00,0.000000e+00,0,0,1
1499,0.731576,1.195196e-02,1.428494e-04,0,0,1
1500,0.732064,0.000000e+00,0.000000e+00,0,0,1
1501,0.732552,5.949478e-03,3.539629e-05,0,0,1
1502,0.733041,0.000000e+00,0.000000e+00,0,0,1
1503,0.733529,2.161024e-03,4.670025e-06,0,0,1
1504,0.734017,0.000000e+00,0.000000e+00,0,0,1
1505,0.734505,2.951693e-03,8.712489e-06,0,0,1
1506,0.734993,0.000000e+00,0.000000e+00,0,0,1
1507,0.735481,3.113319e-03,9.692757e-06,0,0,1
1508,0.735969,0.000000e+00,0.000000e+00,0,0,1
1509,0.736457,3.622194e-03,1.312029e-05,0,0,1
1510,0.736945,0.000000e+00,0.000000e+00,0,0,1
1511,0.737433,8.095309e-03,6.553403e-05,0,0,1
1512,0.737921,0.000000e+00,0.000000e+00,0,0,1
1513,0.738409,1.086665e-03,1.180842e-06,0,0,1
1514,0.738897,0.000000e+00,0.000000e+00,0,0,1
1515,0.739385,1.932608e-03,3.734972e-06,0,0,1
1516,0.739873,0.000000e+00,0.000000e+00,0,0,1
1517,0.740361,4.589234e-03,2.106106e-05,0,0,1
1518,0.740849,0.000000e+00,0.000000e+00,0,0,1
1519,0.741337,7.614796e-03,5.798513e-05,0,0,1
1520,0.741825,0.000000e+00,0.000000e+00,0,0,1
1521,0.742313,3.653218e-03,1.334600e-05,0,0,1
1522,0.742801,0.000000e+00,0.000000e+00,0,0,1
1523,0.743289,1.349484e-02,1.821108e-04,0,0,1
1524,0.743777,0.000000e+00,0.000000e+00,0,0,1
1525,0.744265,9.453113e-03,8.936134e-05,0,0,1
1526,0.744754,0.000000e+00,0.000000e+00,0,0,1
1527,0.745242,2.768747e-04,7.665958e-08,0,0,1
1528,0.74573,0.000000e+00,0.000000e+00,0,0,1
1529,0.746218,5.281467e-03,2.789390e-05,0,0,1
1530,0.746706,0.000000e+00,0.000000e+00,0,0,1
1531,0.747194,2.989766e-03,8.938698e-06,0,0,1
1532,0.747682,0.000000e+00,0.000000e+00,0,0,1
1533,0.74817,2.785650e-03,7.759844e-06,0,0,1
1534,0.748658,0.000000e+00,0.000000e+00,0,0,1
1535,0.749146,4.991290e-03,2.491297e-05,0,0,1
1536,0.749634,0.000000e+00,0.000000e+00,0,0,1
1537,0.750122,6.429928e-03,4.134398e-05,0,0,1
1538,0.75061,0.000000e+00,0.000000e+00,0,0,1
1539,0.751098,3.933099e-03,1.546927e-05,0,0,1
1540,0.751586,0.000000e+00,0.000000e+00,0,0,1
1541,0.752074,4.728432e-03,2.235807e-05,0,0,1
1542,0.752562,0.000000e+00,0.000000e+00,0,0,1
1543,0.75305,1.136477e-02,1.291579e-04,0,0,1
1544,0.753538,0.000000e+00,0.000000e+00,0,0,1
1545,0.754026,7.585949e-03,5.754662e-05,0,0,1
1546,0.754514,0.000000e+00,0.000000e+00,0,0,1
1547,0.755002,2.664752e-03,7.100903e-06,0,0,1
1548,0.75549,0.000000e+00,0.000000e+00,0,0,1
1549,0.755979,3.823917e-03,1.462234e-05,0,0,1
1550,0.756467,0.000000e+00,0.000000e+00,0,0,1
1551,0.756955,1.192533e-03,1.422134e-06,0,0,1
1552,0.757443,0.000000e+00,0.000000e+00,0,0,1
1553,0.757931,1.758250e-03,3.091443e-06,0,0,1
1554,0.758419,0.000000e+00,0.000000e+00,0,0,1
1555,0.758907,5.362374e-03,2.875505e-05,0,0,1
1556,0.759395,0.000000e+00,0.000000e+00,0,0,1
1557,0.759883,1.262347e-02,1.593521e-04,0,0,1
1558,0.760371,0.000000e+00,0.000000e+00,0,0,1
1559,0.760859,2.947591e-03,8.688295e-06,0,0,1
1560,0.761347,0.000000e+00,0.000000e+00,0,0,1
1561,0.761835,3.845128e-03,1.478501e-05,0,0,1
1562,0.762323,0.000000e+00,0.000000e+00,0,0,1
1563,0.762811,1.628528e-03,2.652105e-06,0,0,1
1564,0.763299,0.000000e+00,0.000000e+00,0,0,1
1565,0.763787,8.930972e-03,7.976227e-05,0,0,1
1566,0.764275,0.000000e+00,0.000000e+00,0,0,1
1567,0.764763,2.416571e-03,5.839813e-06,0,0,1
1568,0.765251,0.000000e+00,0.000000e+00,0,0,1
1569,0.765739,4.710129e-03,2.218531e-05,0,0,1
1570,0.766227,0.000000e+00,0.000000e+00,0,0,1
1571,0.766715,5.948122e-03,3.538015e-05,0,0,1
1572,0.767204,0.000000e+00,0.000000e+00,0,0,1
1573,0.767692,6.186955e-03,3.827841e-05,0,0,1
1574,0.76818,0.000000e+00,0.000000e+00,0,0,1
1575,0.768668,3.649289e-03,1.331731e-05,0,0,1
1576,0.769156,0.000000e+00,0.000000e+00,0,0,1
1577,0.769644,5.869261e-03,3.444822e-05,0,0,1
1578,0.770132,0.000000e+00,0.000000e+00,0,0,1
1579,0.77062,4.296731e-03,1.846189e-05,0,0,1
1580,0.771108,0.000000e+00,0.000000e+00,0,0,1
1581,0.771596,4.302603e-03,1.851239e-05,0,0,1
1582,0.772084,0.000000e+00,0.000000e+00,0,0,1
1583,0.772572,6.678973e-03,4.460868e-05,0,0,1
1584,0.77306,0.000000e+00,0.000000e+00,0,0,1
1585,0.773548,6.807352e-03,4.634004e-05,0,0,1
1586,0.774036,0.000000e+00,0.000000e+00,0,0,1
1587,0.774524,6.501633e-03,4.227123e-05,0,0,1
1588,0.775012,0.000000e+00,0.000000e+00,0,0,1
1589,0.7755,1.194077e-02,1.425819e-04,0,0,1
1590,0.775988,0.000000e+00,0.000000e+00,0,0,1
1591,0.776476,1.915956e-03,3.670888e-06,0,0,1
1592,0.776964,0.000000e+00,0.000000e+00,0,0,1
1593,0.777452,6.818835e-04,4.649651e-07,0,0,1
1594,0.77794,0.000000e+00,0.000000e+00,0,0,1
1595,0.778429,1.666424e-03,2.776970e-06,0,0,1
1596,0.778917,0.000000e+00,0.000000e+00,0,0,1
1597,0.779405,3.048859e-03,9.295540e-06,0,0,1
1598,0.779893,0.000000e+00,0.000000e+00,0,0,1
1599,0.780381,9.625545e-03,9.265111e-05,0,0,1
1600,0.780869,0.000000e+00,0.000000e+00,0,0,1
1601,0.781357,9.960821e-03,9.921796e-05,0,0,1
1602,0.781845,0.000000e+00,0.000000e+00,0,0,1
1603,0.782333,3.405180e-03,1.159525e-05,0,0,1
1604,0.782821,0.000000e+00,0.000000e+00,0,0,1
1605,0.783309,5.462209e-03,2.983573e-05,0,0,1
1606,0.783797,0.000000e+00,0.000000e+00,0,0,1
1607,0.784285,3.554360e-03,1.263347e-05,0,0,1
1608,0.784773,0.000000e+00,0.000000e+00,0,0,1
1609,0.785261,3.553563e-03,1.262781e-05,0,0,1
1610,0.785749,0.000000e+00,0.000000e+00,0,0,1
1611,0.786237,9.004308e-03,8.107756e-05,0,0,1
1612,0.786725,0.000000e+00,0.000000e+00,0,0,1
1613,0.787213,3.551424e-03,1.261261e-05,0,0,1
1614,0.787701,0.000000e+00,0.000000e+00,0,0,1
1615,0.788189,1.705956e-03,2.910286e-06,0,0,1
1616,0.788677,0.000000e+00,0.000000e+00,0,0,1
1617,0.789165,1.369924e-02,1.876692e-04,0,0,1
1618,0.789653,0.000000e+00,0.000000e+00,0,0,1
1619,0.790142,7.566426e-03,5.725080e-05,0,0,1
1620,0.79063,0.000000e+00,0.000000e+00,0,0,1
1621,0.791118,5.608911e-03,3.145989e-05,0,0,1
1622,0.791606,0.000000e+00,0.000000e+00,0,0,1
1623,0.792094,1.173617e-02,1.377378e-04,0,0,1
1624,0.792582,0.000000e+00,0.000000e+00,0,0,1
1625,0.79307,5.780935e-03,3.341921e-05,0,0,1
1626,0.793558,0.000000e+00,0.000000e+00,0,0,1
1627,0.794046,3.053148e-03,9.321713e-06,0,0,1
1628,0.794534,0.000000e+00,0.000000e+00,0,0,1
1629,0.795022,3.417010e-03,1.167596e-05,0,0,1
1630,0.79551,0.000000e+00,0.000000e+00,0,0,1
1631,0.795998,1.997205e-03,3.988828e-06,0,0,1
1632,0.796486,0.000000e+00,0.000000e+00,0,0,1
1633,0.796974,6.521930e-03,4.253558e-05,0,0,1
1634,0.797462,0.000000e+00,0.000000e+00,0,0,1
1635,0.79795,3.061888e-03,9.375161e-06,0,0,1
1636,0.798438,0.000000e+00,0.000000e+00,0,0,1
1637,0.798926,6.436183e-03,4.142445e-05,0,0,1
1638,0.799414,0.000000e+00,0.000000e+00,0,0,1
1639,0.799902,4.238848e-03,1.796783e-05,0,0,1
1640,0.80039,0.000000e+00,0.000000e+00,0,0,1
1641,0.800878,5.847970e-03,3.419875e-05,0,0,1
1642,0.801367,0.000000e+00,0.000000e+00,0,0,1
1643,0.801855,5.484523e-03,3.007999e-05,0,0,1
1644,0.802343,0.000000e+00,0.000000e+00,0,0,1
1645,0.802831,1.064833e-02,1.133868e-04,0,0,1
1646,0.803319,0.000000e+00,0.000000e+00,0,0,1
1647,0.803807,2.234747e-03,4.994096e-06,0,0,1
1648,0.804295,0.000000e+00,0.000000e+00,0,0,1
1649,0.804783,2.464494e-03,6.073730e-06,0,0,1
1650,0.805271,0.000000e+00,0.000000e+00,0,0,1
1651,0.805759,1.923531e-03,3.699973e-06,0,0,1
1652,0.806247,0.000000e+00,0.000000e+00,0,0,1
1653,0.806735,4.703578e-03,2.212365e-05,0,0,1
1654,0.807223,0.000000e+00,0.000000e+00,0,0,1
1655,0.807711,2.436669e-03,5.937356e-06,0,0,1
1656,0.808199,0.000000e+00,0.000000e+00,0,0,1
1657,0.808687,1.626684e-03,2.646101e-06,0,0,1
1658,0.809175,0.000000e+00,0.000000e+00,0,0,1
1659,0.809663,9.157035e-03,8.385129e-05,0,0,1
1660,0.810151,0.000000e+00,0.000000e+00,0,0,1
1661,0.810639,3.801707e-03,1.445298e-05,0,0,1
1662,0.811127,0.000000e+00,0.000000e+00,0,0,1
1663,0.811615,9.059204e-03,8.206918e-05,0,0,1
1664,0.812103,0.000000e+00,0.000000e+00,0,0,1
1665,0.812592,5.706158e-03,3.256024e-05,0,0,1
1666,0.81308,0.000000e+00,0.000000e+00,0,0,1
1667,0.813568,3.784451e-03,1.432207e-05,0,0,1
1668,0.814056,0.000000e+00,0.000000e+00,0,0,1
1669,0.814544,4.782852e-03,2.287567e-05,0,0,1
1670,0.815032,0.000000e+00,0.000000e+00,0,0,1
1671,0.81552,4.758369e-03,2.264208e-05,0,0,1
1672,0.816008,0.000000e+00,0.000000e+00,0,0,1
1673,0.816496,5.246171e-03,2.752231e-05,0,0,1
1674,0.816984,0.000000e+00,0.000000e+00,0,0,1
1675,0.817472,7.097585e-03,5.037571e-05,0,0,1
1676,0.81796,0.000000e+00,0.000000e+00,0,0,1
1677,0.818448,3.756671e-03,1.411258e-05,0,0,1
1678,0.818936,0.000000e+00,0.000000e+00,0,0,1
1679,0.819424,8.340195e-03,6.955884e-05,0,0,1
1680,0.819912,0.000000e+00,0.000000e+00,0,0,1
1681,0.8204,2.223152e-03,4.942405e-06,0,0,1
1682,0.820888,0.000000e+00,0.000000e+00,0,0,1
1683,0.821376,2.444384e-03,5.975015e-06,0,0,1
1684,0.821864,0.000000e+00,0.000000e+00,0,0,1
1685,0.822352,5.313674e-03,2.823513e-05,0,0,1
1686,0.82284,0.000000e+00,0.000000e+00,0,0,1
1687,0.823328,8.489262e-03,7.206756e-05,0,0,1
1688,0.823816,0.000000e+00,0.000000e+00,0,0,1
1689,0.824305,1.521896e-02,2.316167e-04,0,0,1
1690,0.824793,0.000000e+00,0.000000e+00,0,0,1
1691,0.825281,7.564893e-03,5.722760e-05,0,0,1
1692,0.825769,0.000000e+00,0.000000e+00,0,0,1
1693,0.826257,3.974854e-03,1.579947e-05,0,0,1
1694,0.826745,0.000000e+00,0.000000e+00,0,0,1
1695,0.827233,9.882709e-04,9.766793e-07,0,0,1
1696,0.827721,0.000000e+00,0.000000e+00,0,0,1
1697,0.828209,1.074690e-02,1.154959e-04,0,0,1
1698,0.828697,0.000000e+00,0.000000e+00,0,0,1
1699,0.829185,3.133254e-03,9.817281e-06,0,0,1
1700,0.829673,0.000000e+00,0.000000e+00,0,0,1
1701,0.830161,9.211043e-03,8.484331e-05,0,0,1
1702,0.830649,0.000000e+00,0.000000e+00,0,0,1
1703,0.831137,5.602217e-03,3.138484e-05,0,0,1
1704,0.831625,0.000000e+00,0.000000e+00,0,0,1
1705,0.832113,4.769755e-03,2.275056e-05,0,0,1
1706,0.832601,0.000000e+00,0.000000e+00,0,0,1
1707,0.833089,1.065880e-02,1.136100e-04,0,0,1
1708,0.833577,0.000000e+00,0.000000e+00,0,0,1
1709,0.834065,9.593208e-03,9.202964e-05,0,0,1
1710,0.834553,0.000000e+00,0.000000e+00,0,0,1
1711,0.835041,8.333982e-03,6.945525e-05,0,0,1
1712,0.83553,0.000000e+00,0.000000e+00,0,0,1
1713,0.836018,9.558070e-03,9.135669e-05,0,0,1
1714,0.836506,0.000000e+00,0.000000e+00,0,0,1
1715,0.836994,8.526540e-03,7.270189e-05,0,0,1
1716,0.837482,0.000000e+00,0.000000e+00,0,0,1
1717,0.83797,7.605806e-03,5.784829e-05,0,0,1
1718,0.838458,0.000000e+00,0.000000e+00,0,0,1
1719,0.838946,5.511550e-03,3.037719e-05,0,0,1
1720,0.839434,0.000000e+00,0.000000e+00,0,0,1
1721,0.839922,6.592369e-03,4.345933e-05,0,0,1
1722,0.84041,0.000000e+00,0.000000e+00,0,0,1
1723,0.840898,3.648532e-03,1.331179e-05,0,0,1
1724,0.841386,0.000000e+00,0.000000e+00,0,0,1
1725,0.841874,1.042458e-02,1.086719e-04,0,0,1
1726,0.842362,0.000000e+00,0.000000e+00,0,0,1
1727,0.84285,9.319962e-04,8.686168e-07,0,0,1
1728,0.843338,0.000000e+00,0.000000e+00,0,0,1
1729,0.843826,4.240677e-03,1.798334e-05,0,0,1
1730,0.844314,0.000000e+00,0.000000e+00,0,0,1
1731,0.844802,5.171070e-03,2.673996e-05,0,0,1
1732,0.84529,0.000000e+00,0.000000e+00,0,0,1
1733,0.845778,6.352381e-03,4.035274e-05,0,0,1
1734,0.846266,0.000000e+00,0.000000e+00,0,0,1
1735,0.846755,2.758852e-03,7.611266e-06,0,0,1
1736,0.847243,0.000000e+00,0.000000e+00,0,0,1
1737,0.847731,6.334875e-03,4.013064e-05,0,0,1
1738,0.848219,0.000000e+00,0.000000e+00,0,0,1
1739,0.848707,4.304456e-04,1.852834e-07,0,0,1
1740,0.849195,0.000000e+00,0.000000e+00,0,0,1
1741,0.849683,8.073204e-03,6.517662e-05,0,0,1
1742,0.850171,0.000000e+00,0.000000e+00,0,0,1
1743,0.850659,3.354618e-03,1.125346e-05,0,0,1
1744,0.851147,0.000000e+00,0.000000e+00,0,0,1
1745,0.851635,5.935817e-03,3.523393e-05,0,0,1
1746,0.852123,0.000000e+00,0.000000e+00,0,0,1
1747,0.852611,6.122134e-03,3.748052e-05,0,0,1
1748,0.853099,0.000000e+00,0.000000e+00,0,0,1
1749,0.853587,4.821944e-03,2.325115e-05,0,0,1
1750,0.854075,0.000000e+00,0.000000e+00,0,0,1
1751,0.854563,2.267115e-03,5.139809e-06,0,0,1
1752,0.855051,0.000000e+00,0.000000e+00,0,0,1
1753,0.855539,2.718091e-03,7.388021e-06,0,0,1
1754,0.856027,0.000000e+00,0.000000e+00,0,0,1
1755,0.856515,7.456380e-03,5.559760e-05,0,0,1
1756,0.857003,0.000000e+00,0.000000e+00,0,0,1
1757,0.857491,6.264450e-03,3.924333e-05,0,0,1
1758,0.85798,0.000000e+00,0.000000e+00,0,0,1
1759,0.858468,3.953151e-03,1.562740e-05,0,0,1
1760,0.858956,0.000000e+00,0.000000e+00,0,0,1
1761,0.859444,6.948937e-03,4.828772e-05,0,0,1
1762,0.859932,0.000000e+00,0.000000e+00,0,0,1
1763,0.86042,9.906596e-03,9.814064e-05,0,0,1
1764,0.860908,0.000000e+00,0.000000e+00,0,0,1
1765,0.861396,3.438221e-03,1.182136e-05,0,0,1
1766,0.861884,0.000000e+00,0.000000e+00,0,0,1
1767,0.862372,6.612161e-03,4.372068e-05,0,0,1
1768,0.86286,0.000000e+00,0.000000e+00,0,0,1
1769,0.863348,6.347581e-03,4.029179e-05,0,0,1
1770,0.863836,0.000000e+00,0.000000e+00,0,0,1
1771,0.864324,4.934386e-03,2.434817e-05,0,0,1
1772,0.864812,0.000000e+00,0.000000e+00,0,0,1
1773,0.8653,3.657811e-03,1.337958e-05,0,0,1
1774,0.865788,0.000000e+00,0.000000e+00,0,0,1
1775,0.866276,7.771155e-03,6.039086e-05,0,0,1
1776,0.866764,0.000000e+00,0.000000e+00,0,0,1
1777,0.867252,9.744965e-03,9.496434e-05,0,0,1
1778,0.86774,0.000000e+00,0.000000e+00,0,0,1
1779,0.868228,5.174568e-03,2.677616e-05,0,0,1
1780,0.868716,0.000000e+00,0.000000e+00,0,0,1
1781,0.869204,4.543394e-03,2.064243e-05,0,0,1
1782,0.869693,0.000000e+00,0.000000e+00,0,0,1
1783,0.870181,8.993246e-03,8.087848e-05,0,0,1
1784,0.870669,0.000000e+00,0.000000e+00,0,0,1
1785,0.871157,7.447595e-03,5.546668e-05,0,0,1
1786,0.871645,0.000000e+00,0.000000e+00,0,0,1
1787,0.872133,2.483665e-03,6.168593e-06,0,0,1
1788,0.872621,0.000000e+00,0.000000e+00,0,0,1
1789,0.873109,1.046767e-03,1.095720e-06,0,0,1
1790,0.873597,0.000000e+00,0.000000e+00,0,0,1
1791,0.874085,1.352506e-02,1.829272e-04,0,0,1
1792,0.874573,0.000000e+00,0.000000e+00,0,0,1
1793,0.875061,7.665518e-03,5.876016e-05,0,0,1
1794,0.875549,0.000000e+00,0.000000e+00,0,0,1
1795,0.876037,8.954764e-03,8.018780e-05,0,0,1
1796,0.876525,0.000000e+00,0.000000e+00,0,0,1
1797,0.877013,2.337296e-03,5.462952e-06,0,0,1
1798,0.877501,0.000000e+00,0.000000e+00,0,0,1
1799,0.877989,6.360006e-03,4.044968e-05,0,0,1
1800,0.878477,0.000000e+00,0.000000e+00,0,0,1
1801,0.878965,3.245624e-03,1.053408e-05,0,0,1
1802,0.879453,0.000000e+00,0.000000e+00,0,0,1
1803,0.879941,1.420939e-03,2.019068e-06,0,0,1
1804,0.880429,0.000000e+00,0.000000e+00,0,0,1
1805,0.880918,9.816622e-03,9.636608e-05,0,0,1
1806,0.881406,0.000000e+00,0.000000e+00,0,0,1
1807,0.881894,4.466952e-03,1.995366e-05,0,0,1
1808,0.882382,0.000000e+00,0.000000e+00,0,0,1
1809,0.88287,7.609608e-03,5.790614e-05,0,0,1
1810,0.883358,0.000000e+00,0.000000e+00,0,0,1
1811,0.883846,8.854745e-03,7.840651e-05,0,0,1
1812,0.884334,0.000000e+00,0.000000e+00,0,0,1
1813,0.884822,1.313764e-02,1.725976e-04,0,0,1
1814,0.88531,0.000000e+00,0.000000e+00,0,0,1
1815,0.885798,9.793199e-03,9.590675e-05,0,0,1
1816,0.886286,0.000000e+00,0.000000e+00,0,0,1
1817,0.886774,7.777945e-03,6.049643e-05,0,0,1
1818,0.887262,0.000000e+00,0.000000e+00,0,0,1
1819,0.88775,5.321694e-03,2.832043e-05,0,0,1
1820,0.888238,0.000000e+00,0.000000e+00,0,0,1
1821,0.888726,1.065991e-02,1.136336e-04,0,0,1
1822,0.889214,0.000000e+00,0.000000e+00,0,0,1
1823,0.889702,4.659210e-03,2.170824e-05,0,0,1
1824,0.89019,0.000000e+00,0.000000e+00,0,0,1
1825,0.890678,2.747173e-03,7.546959e-06,0,0,1
1826,0.891166,0.000000e+00,0.000000e+00,0,0,1
1827,0.891654,7.810237e-03,6.099979e-05,0,0,1
1828,0.892143,0.000000e+00,0.000000e+00,0,0,1
1829,0.892631,2.888756e-03,8.344913e-06,0,0,1
1830,0.893119,0.000000e+00,0.000000e+00,0,0,1
1831,0.893607,8.536583e-03,7.287325e-05,0,0,1
1832,0.894095,0.000000e+00,0.000000e+00,0,0,1
1833,0.894583,5.803234e-03,3.367752e-05,0,0,1
1834,0.895071,0.000000e+00,0.000000e+00,0,0,1
1835,0.895559,6.982600e-03,4.875670e-05,0,0,1
1836,0.896047,0.000000e+00,0.000000e+00,0,0,1
1837,0.896535,5.259674e-03,2.766418e-05,0,0,1
1838,0.897023,0.000000e+00,0.000000e+00,0,0,1
1839,0.897511,4.045540e-03,1.636640e-05,0,0,1
1840,0.897999,0.000000e+00,0.000000e+00,0,0,1
1841,0.898487,6.794206e-03,4.616124e-05,0,0,1
1842,0.898975,0.000000e+00,0.000000e+00,0,0,1
1843,0.899463,8.814831e-03,7.770125e-05,0,0,1
1844,0.899951,0.000000e+00,0.000000e+00,0,0,1
1845,0.900439,2.370408e-03,5.618834e-06,0,0,1
1846,0.900927,0.000000e+00,0.000000e+00,0,0,1
1847,0.901415,5.206569e-03,2.710836e-05,0,0,1
1848,0.901903,0.000000e+00,0.000000e+00,0,0,1
1849,0.902391,3.388832e-03,1.148418e-05,0,0,1
1850,0.902879,0.000000e+00,0.000000e+00,0,0,1
1851,0.903367,7.689345e-03,5.912602e-05,0,0,1
1852,0.903856,0.000000e+00,0.000000e+00,0,0,1
1853,0.904344,4.784736e-03,2.289370e-05,0,0,1
1854,0.904832,0.000000e+00,0.000000e+00,0,0,1
1855,0.90532,6.772989e-03,4.587338e-05,0,0,1
1856,0.905808,0.000000e+00,0.000000e+00,0,0,1
1857,0.906296,7.009643e-03,4.913509e-05,0,0,1
1858,0.906784,0.000000e+00,0.000000e+00,0,0,1
1859,0.907272,2.232592e-03,4.984465e-06,0,0,1
1860,0.90776,0.000000e+00,0.000000e+00,0,0,1
1861,0.908248,4.062556e-03,1.650436e-05,0,0,1
1862,0.908736,0.000000e+00,0.000000e+00,0,0,1
1863,0.909224,2.542538e-03,6.464500e-06,0,0,1
1864,0.909712,0.000000e+00,0.000000e+00,0,0,1
1865,0.9102,1.149166e-02,1.320581e-04,0,0,1
1866,0.910688,0.000000e+00,0.000000e+00,0,0,1
1867,0.911176,2.416697e-03,5.840426e-06,0,0,1
1868,0.911664,0.000000e+00,0.000000e+00,0,0,1
1869,0.912152,5.062970e-03,2.563367e-05,0,0,1
1870,0.91264,0.000000e+00,0.000000e+00,0,0,1
1871,0.913128,6.629494e-03,4.395019e-05,0,0,1
1872,0.913616,0.000000e+00,0.000000e+00,0,0,1
1873,0.914104,6.684899e-04,4.468787e-07,0,0,1
1874,0.914592,0.000000e+00,0.000000e+00,0,0,1
1875,0.915081,4.430298e-03,1.962754e-05,0,0,1
1876,0.915569,0.000000e+00,0.000000e+00,0,0,1
1877,0.916057,1.188023e-02,1.411400e-04,0,0,1
1878,0.916545,0.000000e+00,0.000000e+00,0,0,1
1879,0.917033,4.288131e-03,1.838807e-05,0,0,1
1880,0.917521,0.000000e+00,0.000000e+00,0,0,1
1881,0.918009,1.967238e-03,3.870024e-06,0,0,1
1882,0.918497,0.000000e+00,0.000000e+00,0,0,1
1883,0.918985,2.036784e-03,4.148490e-06,0,0,1
1884,0.919473,0.000000e+00,0.000000e+00,0,0,1
1885,0.919961,2.379475e-03,5.661900e-06,0,0,1
1886,0.920449,0.000000e+00,0.000000e+00,0,0,1
1887,0.920937,3.643713e-03,1.327664e-05,0,0,1
1888,0.921425,0.000000e+00,0.000000e+00,0,0,1
1889,0.921913,1.741664e-03,3.033393e-06,0,0,1
1890,0.922401,0.000000e+00,0.000000e+00,0,0,1
1891,0.922889,8.649335e-03,7.481099e-05,0,0,1
1892,0.923377,0.000000e+00,0.000000e+00,0,0,1
1893,0.923865,8.708628e-03,7.584019e-05,0,0,1
1894,0.924353,0.000000e+00,0.000000e+00,0,0,1
1895,0.924841,7.956885e-03,6.331201e-05,0,0,1
1896,0.925329,0.000000e+00,0.000000e+00,0,0,1
1897,0.925817,7.540542e-03,5.685978e-05,0,0,1
1898,0.926306,0.000000e+00,0.000000e+00,0,0,1
1899,0.926794,6.618146e-03,4.379985e-05,0,0,1
1900,0.927282,0.000000e+00,0.000000e+00,0,0,1
1901,0.92777,9.711454e-03,9.431234e-05,0,0,1
1902,0.928258,0.000000e+00,0.000000e+00,0,0,1
1903,0.928746,5.312657e-03,2.822432e-05,0,0,1
1904,0.929234,0.000000e+00,0.000000e+00,0,0,1
1905,0.929722,9.493365e-03,9.012399e-05,0,0,1
1906,0.93021,0.000000e+00,0.000000e+00,0,0,1
1907,0.930698,2.635452e-03,6.945608e-06,0,0,1
1908,0.931186,0.000000e+00,0.000000e+00,0,0,1
1909,0.931674,3.287019e-03,1.080449e-05,0,0,1
1910,0.932162,0.000000e+00,0.000000e+00,0,0,1
1911,0.93265,4.701201e-03,2.210129e-05,0,0,1
1912,0.933138,0.000000e+00,0.000000e+00,0,0,1
1913,0.933626,8.592719e-03,7.383482e-05,0,0,1
1914,0.934114,0.000000e+00,0.000000e+00,0,0,1
1915,0.934602,3.824783e-03,1.462896e-05,0,0,1
1916,0.93509,0.000000e+00,0.000000e+00,0,0,1
1917,0.935578,7.483353e-03,5.600057e-05,0,0,1
1918,0.936066,0.000000e+00,0.000000e+00,0,0,1
1919,0.936554,1.022658e-02,1.045830e-04,0,0,1
1920,0.937042,0.000000e+00,0.000000e+00,0,0,1
1921,0.937531,8.846398e-04,7.825876e-07,0,0,1
1922,0.938019,0.000000e+00,0.000000e+00,0,0,1
1923,0.938507,8.731195e-03,7.623376e-05,0,0,1
1924,0.938995,0.000000e+00,0.000000e+00,0,0,1
1925,0.939483,6.824776e-03,4.657756e-05,0,0,1
1926,0.939971,0.000000e+00,0.000000e+00,0,0,1
1927,0.940459,6.449873e-03,4.160086e-05,0,0,1
1928,0.940947,0.000000e+00,0.000000e+00,0,0,1
1929,0.941435,4.595304e-03,2.111682e-05,0,0,1
1930,0.941923,0.000000e+00,0.000000e+00,0,0,1
1931,0.942411,3.525207e-03,1.242708e-05,0,0,1
1932,0.942899,0.000000e+00,0.000000e+00,0,0,1
1933,0.943387,2.620058e-03,6.864702e-06,0,0,1
1934,0.943875,0.000000e+00,0.000000e+00,0,0,1
1935,0.944363,2.466819e-03,6.085195e-06,0,0,1
1936,0.944851,0.000000e+00,0.000000e+00,0,0,1
1937,0.945339,8.186748e-03,6.702284e-05,0,0,1
1938,0.945827,0.000000e+00,0.000000e+00,0,0,1
1939,0.946315,4.385684e-03,1.923423e-05,0,0,1
1940,0.946803,0.000000e+00,0.000000e+00,0,0,1
1941,0.947291,4.448643e-03,1.979042e-05,0,0,1
1942,0.947779,0.000000e+00,0.000000e+00,0,0,1
1943,0.948267,2.232498e-03,4.984046e-06,0,0,1
1944,0.948755,0.000000e+00,0.000000e+00,0,0,1
1945,0.949244,1.103331e-02,1.217340e-04,0,0,1
1946,0.949732,0.000000e+00,0.000000e+00,0,0,1
1947,0.95022,2.911160e-03,8.474850e-06,0,0,1
1948,0.950708,0.000000e+00,0.000000e+00,0,0,1
1949,0.951196,3.760226e-03,1.413930e-05,0,0,1
1950,0.951684,0.000000e+00,0.000000e+00,0,0,1
1951,0.952172,3.131970e-03,9.809239e-06,0,0,1
1952,0.95266,0.000000e+00,0.000000e+00,0,0,1
1953,0.953148,4.074575e-03,1.660217e-05,0,0,1
1954,0.953636,0.000000e+00,0.000000e+00,0,0,1
1955,0.954124,3.028212e-03,9.170070e-06,0,0,1
1956,0.954612,0.000000e+00,0.000000e+00,0,0,1
1957,0.9551,1.124215e-02,1.263859e-04,0,0,1
1958,0.955588,0.000000e+00,0.000000e+00,0,0,1
1959,0.956076,7.485411e-03,5.603138e-05,0,0,1
1960,0.956564,0.000000e+00,0.000000e+00,0,0,1
1961,0.957052,3.285513e-03,1.079459e-05,0,0,1
1962,0.95754,0.000000e+00,0.000000e+00,0,0,1
1963,0.958028,8.314928e-03,6.913803e-05,0,0,1
1964,0.958516,0.000000e+00,0.000000e+00,0,0,1
1965,0.959004,7.280809e-03,5.301019e-05,0,0,1
1966,0.959492,0.000000e+00,0.000000e+00,0,0,1
1967,0.95998,4.978317e-03,2.478364e-05,0,0,1
1968,0.960469,0.000000e+00,0.000000e+00,0,0,1
1969,0.960957,2.934109e-03,8.608993e-06,0,0,1
1970,0.961445,0.000000e+00,0.000000e+00,0,0,1
1971,0.961933,8.249748e-03,6.805834e-05,0,0,1
1972,0.962421,0.000000e+00,0.000000e+00,0,0,1
1973,0.962909,5.611224e-03,3.148584e-05,0,0,1
1974,0.963397,0.000000e+00,0.000000e+00,0,0,1
1975,0.963885,9.291597e-03,8.633377e-05,0,0,1
1976,0.964373,0.000000e+00,0.000000e+00,0,0,1
1977,0.964861,1.351493e-02,1.826533e-04,0,0,1
1978,0.965349,0.000000e+00,0.000000e+00,0,0,1
1979,0.965837,3.993592e-03,1.594877e-05,0,0,1
1980,0.966325,0.000000e+00,0.000000e+00,0,0,1
1981,0.966813,3.924053e-03,1.539819e-05,0,0,1
1982,0.967301,0.000000e+00,0.000000e+00,0,0,1
1983,0.967789,5.849075e-03,3.421168e-05,0,0,1
1984,0.968277,0.000000e+00,0.000000e+00,0,0,1
1985,0.968765,2.008770e-03,4.035156e-06,0,0,1
1986,0.969253,0.000000e+00,0.000000e+00,0,0,1
1987,0.969741,6.424536e-03,4.127466e-05,0,0,1
1988,0.970229,0.000000e+00,0.000000e+00,0,0,1
1989,0.970717,1.211267e-03,1.467167e-06,0,0,1
1990,0.971205,0.000000e+00,0.000000e+00,0,0,1
1991,0.971694,9.090085e-03,8.262964e-05,0,0,1
1992,0.972182,0.000000e+00,0.000000e+00,0,0,1
1993,0.97267,9.890486e-03,9.782170e-05,0,0,1
1994,0.973158,0.000000e+00,0.000000e+00,0,0,1
1995,0.973646,8.631621e-03,7.450489e-05,0,0,1
1996,0.974134,0.000000e+00,0.000000e+00,0,0,1
1997,0.974622,3.664927e-03,1.343169e-05,0,0,1
1998,0.97511,0.000000e+00,0.000000e+00,0,0,1
1999,0.975598,2.094494e-03,4.386904e-06,0,0,1
2000,0.976086,0.000000e+00,0.000000e+00,0,0,1
2001,0.976574,5.088764e-03,2.589551e-05,0,0,1
2002,0.977062,0.000000e+00,0.000000e+00,0,0,1
2003,0.97755,5.784968e-03,3.346585e-05,0,0,1
2004,0.978038,0.000000e+00,0.000000e+00,0,0,1
2005,0.978526,5.788794e-03,3.351014e-05,0,0,1
2006,0.979014,0.000000e+00,0.000000e+00,0,0,1
2007,0.979502,3.140479e-03,9.862611e-06,0,0,1
2008,0.97999,0.000000e+00,0.000000e+00,0,0,1
2009,0.980478,6.965670e-03,4.852055e-05,0,0,1
2010,0.980966,0.000000e+00,0.000000e+00,0,0,1
2011,0.981454,9.630530e-03,9.274710e-05,0,0,1
2012,0.981942,0.000000e+00,0.000000e+00,0,0,1
2013,0.98243,7.595404e-03,5.769017e-05,0,0,1
2014,0.982918,0.000000e+00,0.000000e+00,0,0,1
2015,0.983407,3.835353e-03,1.470993e-05,0,0,1
2016,0.983895,0.000000e+00,0.000000e+00,0,0,1
2017,0.984383,5.667725e-03,3.212311e-05,0,0,1
2018,0.984871,0.000000e+00,0.000000e+00,0,0,1
2019,0.985359,3.657631e-03,1.337827e-05,0,0,1
2020,0.985847,0.000000e+00,0.000000e+00,0,0,1
2021,0.986335,5.670663e-03,3.215642e-05,0,0,1
2022,0.986823,0.000000e+00,0.000000e+00,0,0,1
2023,0.987311,4.792129e-04,2.296450e-07,0,0,1
2024,0.987799,0.000000e+00,0.000000e+00,0,0,1
2025,0.988287,4.458575e-03,1.987889e-05,0,0,1
2026,0.988775,0.000000e+00,0.000000e+00,0,0,1
2027,0.989263,3.841468e-03,1.475688e-05,0,0,1
2028,0.989751,0.000000e+00,0.000000e+00,0,0,1
2029,0.990239,1.868325e-03,3.490640e-06,0,0,1
2030,0.990727,0.000000e+00,0.000000e+00,0,0,1
2031,0.991215,4.626750e-03,2.140682e-05,0,0,1
2032,0.991703,0.000000e+00,0.000000e+00,0,0,1
2033,0.992191,7.019202e-03,4.926920e-05,0,0,1
2034,0.992679,0.000000e+00,0.000000e+00,0,0,1
2035,0.993167,6.749287e-03,4.555288e-05,0,0,1
2036,0.993655,0.000000e+00,0.000000e+00,0,0,1
2037,0.994143,6.761684e-03,4.572036e-05,0,0,1
2038,0.994632,0.000000e+00,0.000000e+00,0,0,1
2039,0.99512,4.151261e-03,1.723297e-05,0,0,1
2040,0.995608,0.000000e+00,0.000000e+00,0,0,1
2041,0.996096,2.294169e-03,5.263211e-06,0,0,1
2042,0.996584,0.000000e+00,0.000000e+00,0,0,1
2043,0.997072,1.582523e-03,2.504379e-06,0,0,1
2044,0.99756,0.000000e+00,0.000000e+00,0,0,1
2045,0.998048,8.147066e-03,6.637468e-05,0,0,1
2046,0.998536,0.000000e+00,0.000000e+00,0,0,1
2047,0.999024,2.735288e-03,7.481801e-06,0,0,1
2048,0.999512,0.000000e+00,0.000000e+00,0,0,1
