mode,noise_factor,noisescale,point_id,design_point_number,td,delta_td_ns,corner,enob,snr_db,sfdr_db,compower_w,srpower_w,prewocm_w,switchespower_w,logicpower_w,syncpower_w
sampling_noise_only,10,10,1,1,24.05n,0.05,Nominal,8.76035649381656,54.8978434238469,66.3177853002864,0.000271044012138949,3.16501509172175e-05,0.000163297573741808,8.62024471576093e-05,4.0977904811706e-05,2.53649022378079e-05
sampling_noise_only,10,10,2,1,24.05n,0.05,C0,9.10864570190196,56.9772557506403,67.8963006435229,0.00027036826655335,3.20335811565203e-05,0.000160392049544775,8.26638297515387e-05,4.20662507750499e-05,2.57062890528754e-05
sampling_noise_only,10,10,3,1,24.05n,0.05,C1,8.54306924525834,53.0040962644821,65.5350242104592,0.00028127810300266,3.25599141016269e-05,0.000168970242265999,8.6771989047297e-05,4.02449765161508e-05,2.50283970753774e-05
sampling_noise_only,10,10,4,1,24.05n,0.05,fs,8.99061121490524,56.2468958349777,67.7764153732025,0.000242862699040474,2.95168185553514e-05,0.000141210474910527,8.35709354129207e-05,3.95216472356795e-05,2.49024601189646e-05
sampling_noise_only,10,10,5,1,24.05n,0.05,sf,8.5609122854504,53.7267423717425,64.1666800026086,0.000303067018970162,3.49406277437297e-05,0.000185448575468596,8.74728229236331e-05,4.28034840882252e-05,2.57939427917356e-05
sampling_noise_only,10,10,6,2,25n,1.00,Nominal,9.5308314046554,59.5419593563328,69.7647734456319,0.000270484911022849,3.07716694821463e-05,0.000163396066716214,8.94659996973298e-05,4.09963002603972e-05,2.5340980451826e-05
sampling_noise_only,10,10,7,2,25n,1.00,C0,10.1408811696643,62.9147205273781,73.9208155842478,0.000269870145527871,3.1334324682737e-05,0.000160419659859773,8.54269827671991e-05,4.20633694436081e-05,2.56926579920742e-05
sampling_noise_only,10,10,8,2,25n,1.00,C1,9.23351056780415,57.216282775531,67.9359483037553,0.000280344399009669,3.12080504046732e-05,0.000169369604528201,8.93994780116384e-05,4.02275116149057e-05,2.49971375314994e-05
sampling_noise_only,10,10,9,2,25n,1.00,fs,9.89011118065689,61.7723475511335,72.5610122548016,0.000242384959735106,2.89495095599424e-05,0.000141187040606041,8.58921261358718e-05,3.95383639929836e-05,2.48883479491844e-05
sampling_noise_only,10,10,10,2,25n,1.00,sf,9.31117078180776,58.0799707933536,69.511364286798,0.00030194193061868,3.32417851282675e-05,0.000185806646834402,9.24519026752264e-05,4.28178554410204e-05,2.57567287305246e-05
sampling_noise_only,10,10,11,3,26n,2.00,Nominal,9.94770994237964,61.7869307408207,74.0332360289909,0.000270271458379954,3.05882624014537e-05,0.000163303284611593,8.99813626003413e-05,4.09972323197748e-05,2.53362813897136e-05
sampling_noise_only,10,10,12,3,26n,2.00,C0,10.4199108013055,64.403516864891,75.2287990007384,0.000269678948147722,3.13418770469337e-05,0.000160224785400052,8.54719601644794e-05,4.20497405065296e-05,2.56928705297137e-05
sampling_noise_only,10,10,13,3,26n,2.00,C1,9.79922421797552,60.4800802554131,71.9304017179157,0.000279979115457068,3.07381736549552e-05,0.000169402122152321,9.01716116416343e-05,4.02255757617391e-05,2.49847860543283e-05
sampling_noise_only,10,10,14,3,26n,2.00,fs,10.4618691882989,64.8551320847317,77.5615480735531,0.000242102507332379,2.88871306671908e-05,0.000140997719785416,8.59843149219879e-05,3.95190653067188e-05,2.48874298183222e-05
sampling_noise_only,10,10,15,3,26n,2.00,sf,9.67713782575823,60.378427813663,70.5247123178311,0.000301515259826408,3.27602214699561e-05,0.00018581498845057,9.34023315539897e-05,4.2807466573885e-05,2.57458509995387e-05
sampling_noise_only,10,10,16,4,27n,3.00,Nominal,10.3334483293951,64.2442868150267,75.2779339134905,0.000270207706258644,3.06147191513525e-05,0.0001632083707695,8.98238630239745e-05,4.09847622369024e-05,2.53370224591676e-05
sampling_noise_only,10,10,17,4,27n,3.00,C0,10.3317047336104,63.8012693231371,74.8143866160367,0.000269898118905558,3.14163991206521e-05,0.000160081403958087,8.57053120145829e-05,4.20688260381264e-05,2.56956227486166e-05
sampling_noise_only,10,10,18,4,27n,3.00,C1,9.94813175615845,61.5436027415727,72.9681006980527,0.000279886107790233,3.05759599582853e-05,0.000169356063162163,9.04269913525121e-05,4.02453067596653e-05,2.49816245232033e-05
sampling_noise_only,10,10,19,4,27n,3.00,fs,10.2695130248286,63.7203953662068,74.7670144141647,0.000242346130228938,2.89527221297975e-05,0.000140878124266286,8.66809095173529e-05,3.95409589585727e-05,2.48867969901834e-05
sampling_noise_only,10,10,20,4,27n,3.00,sf,9.9164544595319,61.8297776973855,73.5755751610758,0.000301453193305453,3.27069277001985e-05,0.000185762535067994,9.35253903712904e-05,4.28057114789843e-05,2.57446308914853e-05
full_noise,1,1,1,1,24.05n,0.05,Nominal,11.0128108324306,67.9521207769724,81.4321344697603,0.00027140236142782,3.1679418197495e-05,0.000163425216055369,8.61340460388683e-05,4.09860468491449e-05,2.53651636809079e-05
full_noise,1,1,2,1,24.05n,0.05,C0,11.08910371073,68.5084284807791,79.1048773863489,0.000270454915354854,3.19998265270303e-05,0.000160503688158969,8.27347666244099e-05,4.20531825471944e-05,2.57050021959508e-05
full_noise,1,1,3,1,24.05n,0.05,C1,10.9639943162415,67.5181512413287,78.4312636651313,0.000281199547693667,3.25876329547182e-05,0.000168815662463947,8.70483670054495e-05,4.0261177596061e-05,2.5028961139651e-05
full_noise,1,1,4,1,24.05n,0.05,fs,11.0586850075232,68.1876072629839,79.4449684062375,0.000243219240561628,2.9500288448792e-05,0.000141301691717537,8.37373121598414e-05,3.95582124790795e-05,2.4904011481108e-05
full_noise,1,1,5,1,24.05n,0.05,sf,10.8979276038751,67.9313306001436,79.0065072847841,0.000303357180291582,3.49796211929549e-05,0.000185590975754397,8.71177794271561e-05,4.28231064877858e-05,2.57928694127075e-05
full_noise,1,1,6,2,25n,1.00,Nominal,11.1027075152597,68.4373280513894,76.6871597860465,0.000270608288252779,3.0736470916173e-05,0.000163525457235615,8.93952342668424e-05,4.09791974971832e-05,2.53400103318531e-05
full_noise,1,1,7,2,25n,1.00,C0,11.2041206730028,69.5450777107945,78.6952841654753,0.000270075157626551,3.13262315615519e-05,0.000160535967267646,8.53624647722684e-05,4.20639560833681e-05,2.56913552164182e-05
full_noise,1,1,8,2,25n,1.00,C1,10.9212596084814,67.7988097824719,79.6670244826344,0.000280159995151676,3.11973272805932e-05,0.000169222046071526,8.96414375303783e-05,4.02306049142849e-05,2.49966736052889e-05
full_noise,1,1,9,2,25n,1.00,fs,11.1624219737758,69.1209128336064,81.0827872438718,0.000242515218773407,2.89257930017308e-05,0.000141282469591795,8.59185946395263e-05,3.95269765479747e-05,2.48907633143299e-05
full_noise,1,1,10,2,25n,1.00,sf,10.8706051957097,67.2461041511472,77.1033309395245,0.000302083936144698,3.32338975924692e-05,0.000185962139043237,9.22445493633498e-05,4.28046574250719e-05,2.57553659099392e-05
full_noise,1,1,11,3,26n,2.00,Nominal,10.9626012884594,67.3902135209919,77.1402506964468,0.000270409191312351,3.05500850679044e-05,0.000163435425327389,8.99103477140421e-05,4.09787181463498e-05,2.53358070977026e-05
full_noise,1,1,12,3,26n,2.00,C0,11.0804491762021,68.3848288797929,79.4379289817023,0.000269926456608208,3.13085118394321e-05,0.000160341659658713,8.55454073841182e-05,4.20548522014799e-05,2.569226201762e-05
full_noise,1,1,13,3,26n,2.00,C1,10.9283141734769,67.4389449476881,78.799233071388,0.000279743550088946,3.0698805339497e-05,0.000169256650202981,9.00542612371222e-05,4.02395418110188e-05,2.49839146882416e-05
full_noise,1,1,14,3,26n,2.00,fs,11.097635199147,68.4614507528311,79.4205419322048,0.000242308143993559,2.88718491460949e-05,0.000141093028629119,8.59918764794216e-05,3.95282333054992e-05,2.48895389207179e-05
full_noise,1,1,15,3,26n,2.00,sf,10.8777411693812,67.0836280018104,78.408726378683,0.000301520340964593,3.27003061552111e-05,0.000185973789772712,9.31742264788531e-05,4.27734100890273e-05,2.57441236724407e-05
full_noise,1,1,16,4,27n,3.00,Nominal,10.9434701931614,67.3459683656267,78.3459024622903,0.000270370076213083,3.05701158988821e-05,0.000163341071673823,8.99030252791074e-05,4.09710631929687e-05,2.53364939322089e-05
full_noise,1,1,17,4,27n,3.00,C0,10.4839571491956,64.9377537967572,76.7303526400208,0.000270117307996482,3.13960127369033e-05,0.000160200186951286,8.57148104939892e-05,4.20794596304055e-05,2.56944625598543e-05
full_noise,1,1,18,4,27n,3.00,C1,10.8901849929388,67.6367840703488,79.8412873030755,0.000279658916462409,3.05347136920233e-05,0.00016921421615473,9.06438157424698e-05,4.02446751439823e-05,2.49805376612304e-05
full_noise,1,1,19,4,27n,3.00,fs,10.4005236514439,64.4372385160202,75.6857533082471,0.000242504259659928,2.89236244234462e-05,0.000140974539347792,8.67102579767975e-05,3.95423475289654e-05,2.48888171107123e-05
full_noise,1,1,20,4,27n,3.00,sf,11.0263059304833,67.9342674206605,78.1764294721862,0.00030172090460339,3.26391124950258e-05,0.000185921986066758,9.37629154613435e-05,4.28384039208981e-05,2.57433864187159e-05
