dataset,identity,design_point,point_id,corner,status_code,td,WK1,WK2,caz,caz1,cb,cbin,RON,IB,temperature,ENOB,ENOB_errorID,SNR,SNR_errorID,SFDR,SFDR_errorID,Power_uW,Power_errorID,COMPOWER_uW,COMPOWER_errorID,SRPOWER_uW,SRPOWER_errorID,SWITCHESPOWER_uW,SWITCHESPOWER_errorID,LOGICPOWER_uW,LOGICPOWER_errorID,SYNCPOWER_uW,SYNCPOWER_errorID
2026-06-11_NF10_新结构_最新结果,新结构 NF=10 取出结果,1,5,tt,3,28n,300n,300n,300f,300f,1p,500f,150,500n,27,10.653846,,65.978504,,76.965494,,207.109779,,112.137141,,13.449638,,73.969660,,,7,,8
2026-06-11_NF10_新结构_最新结果,新结构 NF=10 取出结果,1,1,ff,3,28n,300n,300n,300f,300f,1p,500f,150,500n,27,10.517760,,64.954088,,77.010018,,245.119724,,143.920461,,14.078640,,79.269740,,,11,,12
2026-06-11_NF10_新结构_最新结果,新结构 NF=10 取出结果,1,4,ss,3,28n,300n,300n,300f,300f,1p,500f,150,500n,27,10.569196,,65.622400,,77.972049,,178.277395,,87.867110,,12.400998,,70.267609,,,9,,10
2026-06-11_NF10_新结构_最新结果,新结构 NF=10 取出结果,1,3,sf,3,28n,300n,300n,300f,300f,1p,500f,150,500n,27,10.524275,,64.908978,,77.032953,,210.002646,,115.024480,,13.294214,,74.388518,,,2,,3
2026-06-11_NF10_新结构_最新结果,新结构 NF=10 取出结果,1,2,fs,3,28n,300n,300n,300f,300f,1p,500f,150,500n,27,10.709281,,66.604716,,79.325605,,206.326930,,110.486387,,13.601813,,74.459450,,,5,,6
2026-06-11_NF10_新结构_最新结果,新结构 NF=10 取出结果,2,10,tt,3,28n,300n,2u,300f,300f,1p,500f,150,500n,27,9.839436,,61.054466,,72.805344,,283.921205,,188.903475,,14.804603,,73.970837,,,7,,8
2026-06-11_NF10_新结构_最新结果,新结构 NF=10 取出结果,2,6,ff,3,28n,300n,2u,300f,300f,1p,500f,150,500n,27,10.034419,,62.123843,,72.598056,,339.872893,,238.686432,,15.520876,,79.268064,,,11,,12
2026-06-11_NF10_新结构_最新结果,新结构 NF=10 取出结果,2,9,ss,3,28n,300n,2u,300f,300f,1p,500f,150,500n,27,9.896079,,61.322976,,72.621143,,237.747117,,147.244107,,14.101809,,70.269539,,,9,,10
2026-06-11_NF10_新结构_最新结果,新结构 NF=10 取出结果,2,8,sf,3,28n,300n,2u,300f,300f,1p,500f,150,500n,27,9.619698,,59.575718,,69.990028,,292.784849,,197.758022,,14.528276,,74.399266,,,2,,3
2026-06-11_NF10_新结构_最新结果,新结构 NF=10 取出结果,2,7,fs,3,28n,300n,2u,300f,300f,1p,500f,150,500n,27,9.962898,,61.633036,,73.771346,,278.362532,,182.403863,,15.159512,,74.460006,,,5,,6
2026-06-11_NF10_新结构_最新结果,新结构 NF=10 取出结果,3,15,tt,3,28n,300n,5u,300f,300f,1p,500f,150,500n,27,8.833261,,55.266816,,66.292597,,317.303693,,222.270879,,16.059337,,73.966646,,,7,,8
2026-06-11_NF10_新结构_最新结果,新结构 NF=10 取出结果,3,11,ff,3,28n,300n,5u,300f,300f,1p,500f,150,500n,27,9.150781,,56.550761,,66.049831,,371.071531,,269.913642,,16.687295,,79.271979,,,11,,12
2026-06-11_NF10_新结构_最新结果,新结构 NF=10 取出结果,3,14,ss,3,28n,300n,5u,300f,300f,1p,500f,150,500n,27,9.188106,,57.407504,,68.667681,,266.912300,,176.479571,,15.243556,,70.266560,,,9,,10
2026-06-11_NF10_新结构_最新结果,新结构 NF=10 取出结果,3,13,sf,3,28n,300n,5u,300f,300f,1p,500f,150,500n,27,8.876472,,55.601829,,66.560113,,333.961872,,238.898487,,15.609249,,74.395341,,,2,,3
2026-06-11_NF10_新结构_最新结果,新结构 NF=10 取出结果,3,12,fs,3,28n,300n,5u,300f,300f,1p,500f,150,500n,27,9.023224,,56.139259,,67.855352,,298.299357,,202.391683,,16.361280,,74.461834,,,5,,6
2026-06-11_NF10_新结构_最新结果,新结构 NF=10 取出结果,4,20,tt,3,28n,2u,300n,300f,300f,1p,500f,150,500n,27,10.526463,,65.119981,,76.348663,,286.651133,,191.597408,,14.614960,,73.974347,,,7,,8
2026-06-11_NF10_新结构_最新结果,新结构 NF=10 取出结果,4,16,ff,3,28n,2u,300n,300f,300f,1p,500f,150,500n,27,10.385053,,64.013663,,76.605844,,341.286596,,240.109935,,15.282524,,79.272001,,,11,,12
2026-06-11_NF10_新结构_最新结果,新结构 NF=10 取出结果,4,19,ss,3,28n,2u,300n,300f,300f,1p,500f,150,500n,27,10.175668,,63.073560,,74.505418,,240.980381,,150.491413,,13.890589,,70.268373,,,9,,10
2026-06-11_NF10_新结构_最新结果,新结构 NF=10 取出结果,4,18,sf,3,28n,2u,300n,300f,300f,1p,500f,150,500n,27,10.177079,,63.088064,,74.447898,,293.932113,,198.917980,,14.338555,,74.402457,,,2,,3
2026-06-11_NF10_新结构_最新结果,新结构 NF=10 取出结果,4,17,fs,3,28n,2u,300n,300f,300f,1p,500f,150,500n,27,10.414835,,64.750554,,75.177310,,282.092017,,186.110827,,14.950890,,74.462215,,,5,,6
2026-06-11_NF10_新结构_最新结果,新结构 NF=10 取出结果,5,25,tt,3,28n,2u,2u,300f,300f,1p,500f,150,500n,27,10.306452,,63.800853,,75.154033,,329.320664,,234.293616,,15.607925,,73.973570,,,7,,8
2026-06-11_NF10_新结构_最新结果,新结构 NF=10 取出结果,5,21,ff,3,28n,2u,2u,300f,300f,1p,500f,150,500n,27,10.331385,,63.912580,,75.902688,,384.853534,,283.686044,,16.265447,,79.272632,,,11,,12
2026-06-11_NF10_新结构_最新结果,新结构 NF=10 取出结果,5,24,ss,3,28n,2u,2u,300f,300f,1p,500f,150,500n,27,10.300301,,63.746529,,76.022193,,277.292588,,186.761119,,14.827906,,70.270999,,,9,,10
2026-06-11_NF10_新结构_最新结果,新结构 NF=10 取出结果,5,23,sf,3,28n,2u,2u,300f,300f,1p,500f,150,500n,27,10.318012,,63.622444,,76.293342,,342.688944,,247.594299,,15.191650,,74.403602,,,2,,3
2026-06-11_NF10_新结构_最新结果,新结构 NF=10 取出结果,5,22,fs,3,28n,2u,2u,300f,300f,1p,500f,150,500n,27,10.273270,,63.927396,,74.363649,,313.870125,,217.936936,,15.961774,,74.463259,,,5,,6
2026-06-11_NF10_新结构_最新结果,新结构 NF=10 取出结果,6,30,tt,3,28n,2u,5u,300f,300f,1p,500f,150,500n,27,9.850305,,61.352165,,71.931665,,339.056755,,244.070564,,16.419008,,73.965547,,,7,,8
2026-06-11_NF10_新结构_最新结果,新结构 NF=10 取出结果,6,26,ff,3,28n,2u,5u,300f,300f,1p,500f,150,500n,27,10.066016,,62.244730,,74.303214,,388.906888,,287.742376,,16.942429,,79.270280,,,11,,12
2026-06-11_NF10_新结构_最新结果,新结构 NF=10 取出结果,6,29,ss,3,28n,2u,5u,300f,300f,1p,500f,150,500n,27,9.882668,,61.483726,,73.845609,,292.129716,,201.654104,,15.750284,,70.268152,,,9,,10
2026-06-11_NF10_新结构_最新结果,新结构 NF=10 取出结果,6,28,sf,3,28n,2u,5u,300f,300f,1p,500f,150,500n,27,10.061788,,62.327385,,74.774561,,365.561015,,270.410779,,16.061272,,74.403287,,,2,,3
2026-06-11_NF10_新结构_最新结果,新结构 NF=10 取出结果,6,27,fs,3,28n,2u,5u,300f,300f,1p,500f,150,500n,27,9.948959,,61.903320,,74.453545,,312.907592,,216.999122,,16.663548,,74.458057,,,5,,6
2026-06-11_NF10_新结构_最新结果,新结构 NF=10 取出结果,7,35,tt,3,28n,5u,300n,300f,300f,1p,500f,150,500n,27,9.918894,,61.215301,,72.914053,,324.288561,,229.251696,,15.734169,,73.975777,,,7,,8
2026-06-11_NF10_新结构_最新结果,新结构 NF=10 取出结果,7,31,ff,3,28n,5u,300n,300f,300f,1p,500f,150,500n,27,10.006551,,62.306561,,73.305715,,378.883243,,277.706343,,16.346079,,79.270893,,,11,,12
2026-06-11_NF10_新结构_最新结果,新结构 NF=10 取出结果,7,34,ss,3,28n,5u,300n,300f,300f,1p,500f,150,500n,27,9.880954,,61.173628,,71.459223,,273.405197,,182.899775,,14.958266,,70.269968,,,9,,10
2026-06-11_NF10_新结构_最新结果,新结构 NF=10 取出结果,7,33,sf,3,28n,5u,300n,300f,300f,1p,500f,150,500n,27,9.832220,,61.105467,,71.414664,,337.445856,,242.354728,,15.291956,,74.405007,,,2,,3
2026-06-11_NF10_新结构_最新结果,新结构 NF=10 取出结果,7,32,fs,3,28n,5u,300n,300f,300f,1p,500f,150,500n,27,10.055806,,62.205326,,75.034537,,308.773664,,212.851009,,16.065380,,74.459889,,,5,,6
2026-06-11_NF10_新结构_最新结果,新结构 NF=10 取出结果,8,40,tt,3,28n,5u,2u,300f,300f,1p,500f,150,500n,27,10.447054,,64.625772,,77.312280,,343.518750,,248.510229,,16.330694,,73.967905,,,7,,8
2026-06-11_NF10_新结构_最新结果,新结构 NF=10 取出结果,8,36,ff,3,28n,5u,2u,300f,300f,1p,500f,150,500n,27,10.396539,,64.335662,,74.866277,,393.506305,,292.304081,,16.847992,,79.272312,,,11,,12
2026-06-11_NF10_新结构_最新结果,新结构 NF=10 取出结果,8,39,ss,3,28n,5u,2u,300f,300f,1p,500f,150,500n,27,10.513798,,65.037996,,75.595960,,295.816889,,205.314575,,15.661625,,70.267906,,,9,,10
2026-06-11_NF10_新结构_最新结果,新结构 NF=10 取出结果,8,38,sf,3,28n,5u,2u,300f,300f,1p,500f,150,500n,27,10.525771,,65.176941,,78.099621,,368.103320,,272.978427,,15.959501,,74.405744,,,2,,3
2026-06-11_NF10_新结构_最新结果,新结构 NF=10 取出结果,8,37,fs,3,28n,5u,2u,300f,300f,1p,500f,150,500n,27,10.331217,,64.245099,,75.507948,,318.162812,,222.272465,,16.580740,,74.456876,,,5,,6
2026-06-11_NF10_新结构_最新结果,新结构 NF=10 取出结果,9,45,tt,3,28n,5u,5u,300f,300f,1p,500f,150,500n,27,10.100305,,62.734991,,75.302677,,341.796540,,246.754952,,16.803153,,73.968540,,,7,,8
2026-06-11_NF10_新结构_最新结果,新结构 NF=10 取出结果,9,41,ff,3,28n,5u,5u,300f,300f,1p,500f,150,500n,27,10.106391,,62.899239,,74.913847,,389.773989,,288.614375,,17.278750,,79.270221,,,11,,12
2026-06-11_NF10_新结构_最新结果,新结构 NF=10 取出结果,9,44,ss,3,28n,5u,5u,300f,300f,1p,500f,150,500n,27,10.196612,,63.322033,,76.135013,,298.689032,,208.122164,,16.247583,,70.271350,,,9,,10
2026-06-11_NF10_新结构_最新结果,新结构 NF=10 取出结果,9,43,sf,3,28n,5u,5u,300f,300f,1p,500f,150,500n,27,10.221416,,63.218672,,74.712358,,376.997044,,281.789749,,16.562832,,74.405948,,,2,,3
2026-06-11_NF10_新结构_最新结果,新结构 NF=10 取出结果,9,42,fs,3,28n,5u,5u,300f,300f,1p,500f,150,500n,27,9.952955,,61.721354,,74.334183,,312.368124,,216.421137,,17.034131,,74.459305,,,5,,6
