seed,valid,calibration_error,nominal_sndr,physical_sndr,calibrated_sndr,oracle_gap_db,cal_gain_db,nominal_enob,physical_enob,calibrated_enob,nominal_sndr_int12,physical_sndr_int12,calibrated_sndr_int12,nominal_enob_int12,physical_enob_int12,calibrated_enob_int12,nominal_sfdr_int12,nominal_sfdr,physical_sfdr,calibrated_sfdr,dnl_peak,dnl_rms,inl_peak,inl_rms,n_missing,n_non_monotonic,n_float_backsteps,worst_float_step_lsb,max_integer_jump,max_float_rollback_lsb,max_integer_rollback_lsb,float_nonmonotonic_input_fraction,integer_nonmonotonic_input_fraction,err_H1C,err_H2C,err_H4C,err_H8C-R,err_H8C-A,err_H16C,err_H32C,ratio_H1C,ratio_H2C,ratio_H4C,ratio_H8C-R,ratio_H8C-A,ratio_H16C,ratio_H32C
10000,True,,64.327,74.526,74.529,-0.003,10.202,10.393,12.087,12.088,63.918,71.239,71.168,10.325,11.541,11.53,73.66,73.76,95.452,95.205,0.826593901649153,0.3285105669159979,0.8019662186274792,0.3138377768975411,0,130,176,-0.8391134846719979,1,0.8391134846719979,1,0.00035047220643930245,0.00015605344792073156,0.0992,0.1852,0.3293,0.7614,0.752,1.5969,3.0169,0.000388,3.6e-05,0.000188,0.000101,2.9e-05,-5.9e-05,2.3e-05
10001,True,,61.539,74.763,74.688,0.075,13.149,9.93,12.127,12.114,61.286,71.251,71.185,9.888,11.543,11.532,65.975,65.922,96.585,96.103,0.7494853662403145,0.333206870543789,0.8982416214732564,0.36468429798923646,0,505,650,-0.8349740982166622,1,0.8349740982166622,1,0.002619759947803877,0.0014908491343941543,0.2443,0.5051,1.0129,2.0154,1.9876,3.9881,7.7134,0.000116,0.000281,-0.00072,0.000242,0.0002,-8.6e-05,8.8e-05
10002,True,,65.799,74.602,74.45,0.152,8.651,10.638,12.1,12.075,65.137,71.141,71.033,10.528,11.525,11.507,68.267,68.337,95.291,95.705,0.8369060032141784,0.33065639960360604,0.9390833710144164,0.33659838380827595,0,85,123,-0.8423952239199934,1,0.8423952239199934,1,0.0009203389689293872,0.0005650553639860801,0.5339,0.7402,1.466,2.8588,2.9784,5.7493,11.4714,-0.002813,-0.000309,-0.000144,7.1e-05,-0.000367,-0.000123,-0.000148
10003,True,,64.046,74.452,74.222,0.23,10.176,10.347,12.075,12.037,63.564,71.189,71.033,10.267,11.533,11.507,70.617,70.714,95.236,95.774,0.7579707190340226,0.3278359619286348,0.8215906334185799,0.30478926372762943,0,504,637,-0.8460788186926038,1,0.8460788186926038,1,0.0028988825850266597,0.0015756407500584332,0.6012,1.3028,2.5983,5.2204,5.0935,10.3257,20.5288,0.000598,-4.7e-05,-0.00016,-1.2e-05,7.6e-05,-9.9e-05,-3.9e-05
10004,True,,66.139,74.808,74.169,0.639,8.03,10.694,12.134,12.028,65.517,71.369,70.966,10.591,11.563,11.496,73.246,73.208,95.932,95.437,0.8299804473370342,0.33365973139779787,0.6950261806162102,0.2749422808948993,0,124,190,-0.8352185744352028,1,0.8352185744352028,1,0.004726006780358512,0.0010721638603464322,0.3423,0.4725,0.9611,1.7383,1.832,3.5262,6.9104,-0.001371,-0.000286,-0.000235,5.1e-05,7.7e-05,0.000123,0.000101
10005,True,,63.74,74.871,74.552,0.319,10.812,10.296,12.145,12.092,63.354,71.429,71.252,10.231,11.573,11.544,67.072,67.04,96.424,95.86,0.7964128741840237,0.3296498301169288,0.8619099007978885,0.31488322353336,0,68,97,-0.8360795372982466,1,0.8360795372982466,1,0.000828290632758677,0.00013840616472462867,0.1637,0.3346,0.6185,1.1559,1.1848,2.4211,4.7733,0.000229,0.000292,9.4e-05,-0.000136,-1.1e-05,2.6e-05,-8e-05
10006,True,,61.924,74.72,74.456,0.264,12.532,9.994,12.12,12.076,61.627,71.299,71.08,9.945,11.551,11.515,68.4,68.402,96.176,95.404,0.7614651209222254,0.3316493032807265,0.6927180743073138,0.2856587559665217,0,642,737,-0.8339233183837678,1,0.8339233183837678,1,0.0015096667059882705,0.0012259381342841248,0.3879,0.604,1.2674,2.6276,2.6763,5.2751,10.5514,-0.00093,-0.000197,-8.2e-05,-6.2e-05,6e-06,9.3e-05,0.000278
10007,True,,68.231,74.644,74.493,0.151,6.262,11.042,12.107,12.082,67.058,71.152,71.1,10.847,11.527,11.518,79.565,79.846,97.19,96.487,0.7802428660132248,0.33346401455979735,0.7749511927745549,0.3023353286052223,0,493,648,-0.8344121796544641,1,0.8344121796544641,1,0.004644158932065752,0.0013362872266418954,0.3319,0.7167,1.1336,2.2457,2.3372,4.7751,9.028,0.000492,-0.001372,-0.00017,-0.000204,-0.000471,7e-05,-0.000188
10008,True,,62.84,74.748,74.6,0.148,11.76,10.146,12.124,12.1,62.518,71.343,71.089,10.093,11.559,11.516,68.889,68.931,95.654,95.962,0.7308085997270295,0.33254617384244695,0.7211293607676583,0.28714592387725135,0,492,647,-0.8362149214017336,1,0.8362149214017336,1,0.0033384355221738873,0.0014027213549706122,0.1226,0.2645,0.6011,1.1769,1.1811,2.4189,4.5736,-5.6e-05,7.6e-05,0.00037,0.000305,0.000312,0.000367,0.000182
10009,True,,65.242,74.687,74.386,0.301,9.144,10.545,12.114,12.064,64.732,71.204,71.011,10.46,11.535,11.504,73.167,73.076,96.736,96.418,0.717600342316753,0.33179660172436304,0.7382680525017119,0.29049266860750594,0,525,635,-0.8370027521641532,1,0.8370027521641532,1,0.0012476532424871537,0.000864534733544263,0.1285,0.206,0.293,0.6656,0.6741,1.4527,2.6317,0.000937,5.7e-05,0.000143,2.3e-05,0.000298,0.000389,0.000129
10010,True,,67.679,74.638,74.452,0.186,6.773,10.95,12.106,12.075,66.681,71.245,71.154,10.784,11.542,11.527,74.462,74.606,96.148,96.45,0.8452047212379783,0.330498395638523,0.8206191720192401,0.30931994149216874,0,59,73,-0.8381437265543354,1,0.8381437265543354,1,0.00032129397490908657,0.0002624898578832565,0.0756,0.0792,0.0826,0.1192,0.1172,0.3476,0.4341,-0.000101,-0.000106,4.4e-05,0.00017,0.000133,2.7e-05,0.000149
10011,True,,55.723,74.61,74.364,0.246,18.641,8.964,12.101,12.061,55.639,71.198,71.044,8.95,11.535,11.509,61.707,61.783,95.748,96.34,0.73954513130703,0.33428548161290694,0.9073629788409963,0.33804708493432417,0,136,210,-0.8330422945855389,1,0.8330422945855389,1,0.0026967856314459933,0.00045767207226943393,0.4206,0.8571,1.5882,3.2584,3.3191,6.453,12.701,0.000332,0.000297,-0.000115,8.3e-05,0.000155,-0.000332,-0.000152
10012,True,,57.728,74.567,74.015,0.552,16.287,9.297,12.094,12.003,57.611,71.112,70.982,9.277,11.52,11.499,64.142,64.186,97.241,94.54,0.9098607118866571,0.3327324609847975,0.7307505136260681,0.2795924212436989,0,206,279,-0.8402811036548883,1,0.8402811036548883,1,0.0018035472337910963,0.00100115996095141,0.12,0.3848,0.7831,1.5936,1.6589,3.0433,6.0224,0.001661,0.000197,4e-06,-5.4e-05,-0.000157,6.3e-05,0.000123
10013,True,,58.517,74.693,74.458,0.235,15.941,9.428,12.115,12.076,58.398,71.203,71.058,9.408,11.535,11.511,62.892,62.887,97.036,95.619,0.7757820520771126,0.32649470984055196,0.8753958772018019,0.3665232826364615,0,630,753,-0.8473217287846637,1,0.8473217287846637,1,0.002018835829450513,0.0013093604982304698,0.8153,1.5633,3.0902,5.9354,6.0775,11.8918,23.7767,0.000481,-0.000598,0.00072,0.0002,-0.000289,3.8e-05,3.2e-05
10014,True,,59.969,74.598,74.403,0.195,14.434,9.669,12.099,12.067,59.774,71.084,71.06,9.637,11.516,11.512,66.713,66.721,95.717,95.369,0.7131173152322619,0.33391499607016695,0.7065920790848111,0.2736080534261898,0,495,617,-0.8319676457031164,1,0.8319676457031164,1,0.0009843160434423045,0.0006304052815551802,0.5506,1.0796,2.0891,4.0747,3.9157,7.6642,15.3542,1.9e-05,0.000763,-0.000119,0.000223,-7.1e-05,-0.000246,-0.000217
10015,True,,60.288,74.581,74.395,0.186,14.107,9.722,12.096,12.066,60.106,71.214,71.269,9.692,11.537,11.546,64.083,64.095,95.365,95.13,0.7144477497762345,0.32991313789109955,0.7960695389823964,0.33907693662741056,0,259,343,-0.837911934202566,1,0.837911934202566,1,0.0028845064561800514,0.0013068869580673019,0.0622,0.0913,0.0797,0.1362,0.1408,0.0211,0.0564,0.000777,0.000238,0.000265,-8e-06,-0.000247,3.7e-05,-9e-06
10016,True,,68.997,74.559,74.535,0.024,5.538,11.169,12.093,12.089,67.801,71.193,71.114,10.97,11.534,11.521,74.95,74.801,96.45,95.107,0.7641754111815989,0.3299059883400423,0.7368083389099089,0.28764290597200626,0,20,44,-0.2754995020300157,1,0.2754995020300157,1,0.000661723151200235,0.00026787904862993813,0.1714,0.3915,0.5358,1.0511,1.1792,2.1162,4.3138,-0.000573,-0.000968,-5e-06,3.1e-05,-0.00021,1.8e-05,-2.3e-05
10017,True,,67.56,74.848,74.196,0.652,6.636,10.93,12.141,12.033,66.627,71.306,70.903,10.775,11.552,11.485,72.211,72.196,95.064,92.721,0.7974417781901084,0.33257491362366837,0.9384306067931638,0.342081945332833,0,429,517,-0.8345975191837169,1,0.8345975191837169,1,0.002557304712933691,0.002082107382567966,0.3544,0.6557,1.1443,2.1353,2.2123,4.4239,8.7787,0.000426,0.000926,-3.4e-05,2.9e-05,0.000159,-0.000283,0.000129
10018,True,,65.903,74.568,74.468,0.1,8.565,10.655,12.094,12.078,65.187,71.22,71.162,10.536,11.538,11.529,72.962,73.113,95.422,95.628,0.8412645757672004,0.32903398704038195,0.9414904619689783,0.3565757402113522,0,130,150,-0.8389224417678633,1,0.8389224417678633,1,0.0004962202004288107,0.00040379703478981817,0.1331,0.124,0.3656,0.72,0.7075,1.3325,2.6466,-0.000466,0.000136,-0.000303,0.000171,-0.000271,-0.000181,-0.000154
10019,True,,62.691,74.703,74.404,0.299,11.713,10.121,12.117,12.067,62.318,71.253,71.168,10.059,11.544,11.53,69.825,69.905,96.479,96.199,0.7650654273090767,0.3276851129096718,0.7577822666386642,0.28729094252916243,0,136,167,-0.8415985652236486,1,0.8415985652236486,1,0.0011431469685550997,0.0008539223074973053,0.3286,0.6517,1.3086,2.5234,2.4207,4.6894,9.3279,0.001705,0.000659,-0.000571,-0.000356,0.000413,-4.5e-05,-3.1e-05
10020,True,,60.934,74.595,74.565,0.03,13.631,9.83,12.099,12.094,60.693,71.285,71.127,9.789,11.549,11.523,62.955,63.018,95.645,95.267,0.735127608227848,0.3301603915990443,0.7180559207591737,0.2811674930510009,0,247,303,-0.8399017422643738,1,0.8399017422643738,1,0.0005886478814089745,0.0004416593701364001,0.2104,0.3498,0.7119,1.3258,1.2101,2.4942,5.1168,0.001353,-0.000152,-0.000206,-5e-06,0.000214,0.000154,0.000232
10021,True,,58.859,74.764,73.884,0.88,15.025,9.485,12.127,11.981,58.762,71.408,70.836,9.469,11.569,11.474,67.275,67.292,97.254,90.431,0.6964908774835821,0.33640805599543694,0.9305902064847069,0.33513814743830095,0,6,39,-0.23901337474808315,1,0.23901337474808315,1,0.0007267187377705671,4.3028703408741487e-05,0.9411,1.958,3.7744,7.2594,7.2223,14.6338,29.1281,0.000333,-0.001403,0.000458,-4.9e-05,-0.000125,-0.000212,-1.9e-05
10022,True,,59.365,74.711,74.526,0.185,15.161,9.569,12.118,12.087,59.221,71.278,71.175,9.545,11.548,11.531,64.752,64.744,96.557,94.03,0.7342318006178834,0.3327097306048904,0.7868710913202099,0.30261358428121554,0,744,917,-0.8355950482196022,1,0.8355950482196022,1,0.0009100699344207904,0.000542082762165605,0.2644,0.467,0.8302,1.6006,1.4719,3.1106,6.2363,0.001019,0.000574,0.000204,7.2e-05,-0.000165,-0.000159,-7e-06
10023,True,,61.687,74.64,74.308,0.332,12.621,9.955,12.106,12.051,61.374,71.119,71.063,9.903,11.521,11.512,68.115,68.163,96.291,93.457,0.7618054246957857,0.33060519207458255,0.8240217399137091,0.30779549045931964,0,120,174,-0.8389362046928,1,0.8389362046928,1,0.001847599177355517,0.0007270075582787546,0.1839,0.1882,0.3619,0.5793,0.6766,1.4836,2.6514,-0.001417,0.000905,0.000669,0.000295,0.000234,-0.000105,9.4e-05
10024,True,,64.047,74.737,74.516,0.221,10.469,10.347,12.122,12.086,63.642,71.159,71.119,10.279,11.528,11.521,71.436,71.303,96.971,94.875,0.8472628091760377,0.3260456120490823,0.7239117539809496,0.2807561645577038,0,4,9,-0.7735234068550199,1,0.7735234068550199,1,9.822220587200078e-05,1.3050104745102042e-06,0.4018,0.7934,1.5284,2.9913,3.1394,6.0852,11.9889,0.001851,0.000242,0.000571,9.9e-05,-0.000155,2.4e-05,0.000143
10025,True,,63.037,74.452,74.268,0.184,11.231,10.179,12.075,12.045,62.733,71.312,71.138,10.128,11.553,11.525,71.269,71.182,96.255,94.401,0.741876785183293,0.33527191572668047,0.9994334944366662,0.35820353312427566,0,6,44,-0.195203181724537,1,0.195203181724537,1,0.0008671960807281112,0.00012265242573874027,0.5376,0.9455,1.8127,3.3536,3.3331,6.769,13.1641,0.001955,0.00099,0.00071,6.8e-05,0.000174,0.000262,5.7e-05
10026,True,,61.788,74.815,74.555,0.26,12.767,9.971,12.135,12.092,61.487,71.432,71.131,9.921,11.573,11.523,70.188,70.169,95.74,95.623,0.7917406892745473,0.3322270113875827,0.7641882354973456,0.32065172011197934,0,981,1221,-0.8370946510572139,1,0.8370946510572139,1,0.0040179916378493795,0.0023161732787885963,0.0824,0.1543,0.3261,0.5905,0.5829,1.2098,2.0942,-0.000512,2e-06,6.4e-05,-5.6e-05,-0.000293,-2.5e-05,-0.000179
10027,True,,62.211,74.674,74.353,0.321,12.142,10.042,12.112,12.059,61.895,71.32,71.116,9.989,11.555,11.521,67.869,67.869,95.947,93.705,0.7799576569454767,0.3315476541554027,0.8150435183184623,0.292850105210927,0,19,52,-0.4934825617729075,1,0.4934825617729075,1,0.0017259596913626438,0.0006211144780234878,0.156,0.2655,0.4458,0.8104,0.9483,1.6678,3.5055,-0.001517,0.000434,-0.000542,-3.7e-05,0.000125,-9.7e-05,8.4e-05
10028,True,,62.162,74.565,74.06,0.505,11.898,10.033,12.094,12.01,61.874,71.266,71.042,9.986,11.546,11.509,69.37,69.339,95.888,91.394,0.7946089419193672,0.3287812818671146,0.7725440090694218,0.3257375682936557,0,404,571,-0.8444451783648219,1,0.8444451783648219,1,0.002611893005006643,0.0013864637499434477,0.5639,1.0454,2.1878,4.21,4.0592,8.446,16.7281,-0.000226,-1.3e-05,-0.000337,8.2e-05,0.000365,-9.5e-05,-2.6e-05
10029,True,,63.001,74.674,74.547,0.127,11.546,10.173,12.112,12.091,62.672,71.389,71.181,10.118,11.566,11.532,68.08,68.103,96.032,94.237,0.7111241924554319,0.33210329544686235,0.7062545827452542,0.28091000648515574,0,127,179,-0.8375822195948786,1,0.8375822195948786,1,0.0015891972986265604,0.0004068521700164652,0.2024,0.0925,0.2097,0.3756,0.3349,0.4423,0.871,-0.001029,0.000364,3.1e-05,0.000379,-0.000231,-7.1e-05,8.5e-05
10030,True,,64.4,74.787,74.605,0.182,10.205,10.405,12.131,12.1,63.917,71.213,71.125,10.325,11.537,11.522,69.121,69.12,96.947,96.629,0.7621612991583662,0.32718944959103025,0.7075772696655275,0.2832164410789144,0,371,461,-0.8437200074849898,1,0.8437200074849898,1,0.0018279234065666228,0.0003744264953619305,0.5289,0.9638,1.9067,3.7597,3.6829,7.4188,14.6337,-0.000876,-0.000248,7.6e-05,6e-06,0.000351,0.000102,0.000258
10031,True,,62.147,74.629,74.397,0.232,12.25,10.031,12.104,12.066,61.905,71.112,71.069,9.991,11.52,11.513,69.306,69.213,95.791,92.774,0.7039916877291899,0.33154053458768984,0.6923149701445203,0.2734511598771407,0,255,348,-0.835305755675563,1,0.835305755675563,1,0.002831647751346725,0.0007490286066769299,0.197,0.3457,0.9712,1.7607,1.8105,3.4764,6.7774,-0.000967,-0.000422,0.000671,0.000297,0.000399,0.000178,0.000168
10032,True,,64.573,74.573,74.267,0.306,9.694,10.434,12.095,12.044,64.101,71.165,70.969,10.356,11.529,11.497,73.266,73.163,95.894,93.762,0.809516969267515,0.33645725770588114,0.8366257944999572,0.3032715337075533,0,123,152,-0.8323752294686528,1,0.8323752294686528,1,0.0013016048353066084,0.0010028824950610049,0.6132,0.9768,1.8455,3.6689,3.5803,7.1817,14.3884,0.002483,-0.000379,9.6e-05,8.5e-05,1.5e-05,-6.7e-05,-6.8e-05
10033,True,,63.662,74.547,74.416,0.131,10.754,10.283,12.091,12.069,63.217,71.139,71.048,10.209,11.525,11.51,70.592,70.706,95.614,95.567,0.7264847440656377,0.32865460251017564,0.828402559071747,0.3101442057346038,0,251,337,-0.8422547862510328,1,0.8422547862510328,1,0.0016744979961982266,0.0008224176769008381,0.4331,0.7692,1.3701,2.8012,2.9412,5.4769,11.0545,0.001985,-0.000675,0.000235,-0.000189,-0.000491,-3.9e-05,-4.6e-05
10034,True,,61.755,74.58,74.36,0.22,12.605,9.966,12.096,12.06,61.462,71.212,71.03,9.917,11.537,11.507,68.777,68.751,94.896,92.479,0.7391942300863441,0.32635531234003184,0.9707430730591647,0.3742088842144185,0,436,530,-0.8460921345522365,1,0.8460921345522365,1,0.001748092435855338,0.001034626748513222,0.7179,1.3226,2.6383,5.1662,5.1563,10.5229,20.899,-0.001067,8.9e-05,7.5e-05,-0.000139,-0.000111,-0.000292,-0.00021
10035,True,,62.35,74.683,74.443,0.24,12.093,10.065,12.113,12.074,62.032,71.213,71.148,10.012,11.537,11.526,70.757,70.776,95.213,94.154,0.7048021329070489,0.33275029712245874,0.6855851411181522,0.2841544883345099,0,3,8,-0.5499087994708134,1,0.5499087994708134,1,0.0002037651137923765,9.955488662708337e-05,0.5197,0.9504,1.6346,3.169,3.2789,6.4664,12.7097,-0.000338,0.001129,0.000177,-7.2e-05,0.000151,7.7e-05,-5.9e-05
10036,True,,61.011,74.635,74.363,0.272,13.352,9.842,12.105,12.06,60.759,71.162,70.898,9.801,11.528,11.485,63.931,63.957,96.265,89.737,0.7243648767869797,0.3311649600629216,0.723219185742324,0.2830549905739155,0,8,36,-0.6752925299701928,1,0.6752925299701928,1,0.0010110456517580732,9.336531495470618e-05,0.2504,0.4264,0.8694,1.7306,1.7996,3.6158,7.3122,0.000569,2.3e-05,7.1e-05,7.6e-05,6.1e-05,0.000202,0.000273
10037,True,,66.052,74.776,74.558,0.218,8.506,10.68,12.129,12.093,65.441,71.263,71.196,10.578,11.545,11.534,73.951,73.843,95.562,96.067,0.6912832226923786,0.33458889798155955,0.6742552633531588,0.26930714955881513,0,505,635,-0.8312696702187168,1,0.8312696702187168,1,0.001252040561203857,0.000755079818299173,0.6763,1.2542,2.3435,4.3456,4.4261,8.7639,17.3756,0.0021,0.001304,-0.000959,-0.000251,0.000166,0.00011,6e-06
10038,True,,57.332,74.616,74.564,0.052,17.232,9.231,12.102,12.094,57.226,71.137,71.136,9.214,11.524,11.524,62.349,62.336,96.058,95.982,0.7057578300254304,0.32697566207564904,0.8354202704762246,0.3456898725929312,0,14,40,-0.6462711702683919,1,0.6462711702683919,1,0.0009225486167652314,0.0003609710097082792,0.5116,0.9714,2.0198,4.0796,4.0608,7.8863,15.6266,-0.000518,-9.5e-05,-0.000362,-0.000436,1.5e-05,-4.9e-05,-9e-05
10039,True,,63.734,74.701,74.188,0.513,10.454,10.295,12.116,12.031,63.355,71.237,71.016,10.232,11.541,11.504,70.785,70.75,94.935,94.993,0.8662121842780193,0.33181912815024706,0.8259445512372995,0.32669348968484135,0,678,814,-0.8381115627289546,1,0.8381115627289546,1,0.0029467100994253963,0.0023751852444608133,0.0553,0.0545,0.1059,0.2378,0.0963,0.225,0.5532,-4.5e-05,0.000242,-0.000118,0.000197,9.6e-05,6.6e-05,4.7e-05
10040,True,,67.049,74.702,74.161,0.541,7.112,10.845,12.117,12.027,66.277,71.121,70.962,10.717,11.522,11.495,74.012,73.949,95.763,95.894,0.8429219533229331,0.3319573660395137,0.8334778078592818,0.3082292677555624,0,70,109,-0.8377247851290122,1,0.8377247851290122,1,0.002598533329435133,0.0009285820105150123,0.1273,0.2029,0.1524,0.1714,0.1617,0.3524,0.6331,0.001731,-0.001377,0.000415,0.000162,0.000144,6.3e-05,4.5e-05
10041,True,,61.474,74.675,74.534,0.141,13.06,9.919,12.112,12.089,61.241,70.958,71.169,9.881,11.495,11.53,69.74,69.72,97.092,96.991,0.8058186725073611,0.3291610081877919,0.8292137902414912,0.35680883400926217,0,112,190,-0.8424111318618088,1,0.8424111318618088,1,0.0005321249269234166,0.00011821593377806089,0.4151,0.8514,1.4473,2.9314,2.8903,5.7346,11.5114,0.000553,-0.001109,-0.000235,-0.000267,-0.000156,-0.000158,-8.4e-05
10042,True,,64.095,74.737,74.463,0.274,10.368,10.355,12.122,12.077,63.616,71.227,71.147,10.275,11.539,11.526,71.122,71.076,96.964,96.297,0.7080588813788513,0.3337274473948954,0.8928057046650749,0.36039694069826034,0,114,168,-0.8386489553490719,1,0.8386489553490719,1,0.0013012955384905038,0.00028167327101520374,0.1246,0.087,0.2221,0.5761,0.535,0.9778,1.8033,0.000763,0.00025,7.2e-05,-0.000176,-9.6e-05,-1.5e-05,5.9e-05
10043,True,,64.558,74.852,74.425,0.427,9.867,10.431,12.142,12.071,64.038,71.301,70.95,10.345,11.552,11.493,69.444,69.426,96.262,94.572,0.8810643400686431,0.33142793327836473,0.687247872821929,0.2769657136814879,0,1,18,-0.5362018808200446,1,0.5362018808200446,1,0.0009452315564355795,4.058686792755145e-05,0.1561,0.322,0.5919,1.1431,1.0732,2.2643,4.1238,0.001093,-9.7e-05,-3.2e-05,5.9e-05,-0.000148,-0.000392,-0.000208
10044,True,,60.117,74.585,74.298,0.287,14.181,9.694,12.097,12.049,59.941,71.231,71.071,9.665,11.54,11.513,64.26,64.287,95.519,90.562,0.8003670443561521,0.32866134562707616,0.780965128335266,0.3230571723876868,0,267,354,-0.8428069930023412,1,0.8428069930023412,1,0.0024827213425554747,0.0010656772675195717,0.3993,0.8372,1.5238,3.1187,3.2619,6.4408,12.4537,-0.000209,-0.000527,7.6e-05,0.000164,-0.000335,-0.000232,6e-06
10045,True,,60.28,74.776,74.506,0.27,14.226,9.721,12.129,12.084,60.06,71.549,71.32,9.684,11.593,11.555,66.221,66.206,97.568,97.388,0.7516687622586127,0.33397470456769174,0.8594969415747246,0.32764388403868294,0,67,102,-0.8339704205891394,1,0.8339704205891394,1,0.0006030011792674417,0.00029010353051316627,0.381,0.7923,1.2999,2.6295,2.5581,5.1139,10.2392,-0.000547,0.001182,-3.7e-05,0.000167,-0.000169,4.1e-05,-5.7e-05
10046,True,,62.534,74.594,74.337,0.257,11.803,10.095,12.099,12.056,62.264,71.18,71.011,10.051,11.532,11.504,70.286,70.25,96.89,96.836,0.7682361140605882,0.3306832648798061,0.7534403352919725,0.28915366681050986,0,741,895,-0.838409172340107,1,0.838409172340107,1,0.001281221404202466,0.0007636069025939102,0.072,0.059,0.149,0.4696,0.3766,0.7642,1.2835,0.0016,0.000144,-4.1e-05,-0.000365,1.7e-05,-0.000198,-8.6e-05
10047,True,,61.042,74.876,74.495,0.381,13.453,9.848,12.145,12.082,60.805,71.423,71.07,9.808,11.572,11.513,66.389,66.41,97.3,96.386,0.8474228006790758,0.33255353608241084,0.7629479204741854,0.3075877049577233,0,358,441,-0.8362879669930408,1,0.8362879669930408,1,0.001422958090809836,0.000521899508649192,0.1142,0.3475,0.5656,1.1745,1.097,2.1563,4.2741,-0.001015,0.000433,-4.7e-05,5.2e-05,-9.5e-05,-0.000124,-0.000172
10048,True,,59.543,74.678,73.989,0.689,14.446,9.599,12.113,11.998,59.368,71.275,71.07,9.569,11.547,11.513,69.24,69.198,95.714,93.545,0.8289827997970651,0.3343986575832051,0.9937616144894845,0.36851359473650036,0,117,175,-0.8328887451730225,1,0.8328887451730225,1,0.0032146658216330904,0.001775060846475858,0.4776,0.7741,1.5782,3.3143,3.4033,6.5655,13.0002,0.001099,-0.000282,-0.000418,9.9e-05,-8e-06,5.3e-05,5.3e-05
10049,True,,58.413,74.868,74.389,0.479,15.976,9.411,12.144,12.065,58.285,71.245,70.975,9.389,11.542,11.498,62.294,62.313,96.685,92.933,0.8008468559550657,0.3316461223485078,0.8281459678049468,0.3227764015773531,0,183,242,-0.8378252125194194,1,0.8378252125194194,1,0.0010685511096013359,0.0005040361286039515,0.0656,0.1773,0.1189,0.1812,0.0702,0.1476,0.304,-0.001157,0.000705,-6.3e-05,-0.000233,-0.000123,-0.000124,-0.000158
10050,True,,57.904,74.673,74.424,0.249,16.52,9.326,12.112,12.07,57.785,71.283,71.059,9.306,11.549,11.511,64.931,65.006,96.038,94.568,0.7458212407769949,0.32839167827150184,0.7119820679766073,0.27480667414819704,0,6,31,-0.4654459446760484,1,0.4654459446760484,1,0.0012208030742985752,0.0002703332200479564,0.4158,0.6316,1.3054,2.6094,2.6989,5.4011,10.6344,0.001017,0.00037,0.00025,0.000143,2.3e-05,-6e-06,0.000128
10051,True,,60.612,74.67,74.588,0.082,13.976,9.776,12.111,12.098,60.426,71.17,71.198,9.745,11.53,11.535,68.56,68.546,94.023,93.541,0.7304922653015014,0.3302583596492782,0.7670897736591369,0.2883423144727478,0,1,4,-0.1788470415140182,1,0.1788470415140182,1,8.424629415203222e-05,2.1061573538011524e-05,0.2356,0.354,0.7209,1.4815,1.4709,2.7659,5.4479,0.00075,0.000124,-0.000233,-0.000294,-0.000267,1e-06,-7.2e-05
10052,True,,58.725,74.728,74.118,0.61,15.393,9.463,12.121,12.02,58.656,71.303,71.0,9.451,11.552,11.502,64.232,64.271,96.592,92.047,0.8009364848230835,0.33424324187850396,0.976291806893279,0.37164043045712747,0,118,160,-0.8309072909676161,1,0.8309072909676161,1,0.0018618309759843837,0.0012695830521368004,0.6969,1.1518,2.3386,4.5763,4.548,9.0549,17.9739,-0.001145,6.1e-05,7.4e-05,-3.7e-05,-5.8e-05,-0.00017,-0.000183
10053,True,,63.442,74.692,74.58,0.112,11.138,10.246,12.115,12.096,63.014,71.243,71.14,10.175,11.542,11.525,73.154,73.099,95.75,95.473,0.772191550146721,0.33192148956643824,0.800402697478547,0.3345670867945704,0,14,45,-0.40521226601458693,1,0.40521226601458693,1,0.0008591774330907743,0.00027681192036571513,0.1466,0.252,0.4609,0.9065,0.8813,1.7788,3.4159,0.000446,-0.000243,-7.8e-05,-8.9e-05,-0.000193,-0.000116,-0.000183
10054,True,,58.986,74.565,74.275,0.29,15.289,9.506,12.094,12.046,58.853,71.199,71.054,9.484,11.535,11.511,62.928,62.921,95.178,93.125,0.7619424874983338,0.3280018254496513,0.8230122908426556,0.3177447752749797,0,374,502,-0.8441364716286444,1,0.8441364716286444,1,0.004101045537268514,0.0011716036986167827,0.5611,0.9959,2.0047,3.9128,4.0741,8.0436,15.7322,-0.001076,-0.000165,0.000305,0.000141,-0.000131,-0.00013,-6.1e-05
10055,True,,63.832,74.681,74.546,0.135,10.714,10.311,12.113,12.091,63.4,71.189,71.147,10.239,11.533,11.526,71.725,71.946,96.133,94.129,0.7360655721385536,0.3314713452643471,0.8953366521001259,0.3328768971687686,0,132,183,-0.837785373440056,1,0.837785373440056,1,0.0017949171134721274,0.0007821749579330876,0.0676,0.088,0.0433,0.0989,0.2209,0.1394,0.5107,0.000624,-0.000714,-0.000285,-0.000246,0.00012,-0.000165,-0.0002
10056,True,,59.081,74.655,74.144,0.511,15.063,9.522,12.109,12.024,58.937,71.179,70.981,9.498,11.531,11.499,63.896,63.877,95.936,90.911,0.7666482094761466,0.32781809215252794,0.950802075636516,0.3859707602957797,0,756,886,-0.8426440658349748,1,0.8426440658349748,1,0.0012068972221363679,0.0010607502672614,0.4598,0.7411,1.6261,3.0187,2.9239,6.1863,11.9461,-0.001004,0.000981,-0.000605,-0.000198,0.000213,-2.9e-05,-6.4e-05
10057,True,,59.709,74.487,74.295,0.192,14.586,9.626,12.081,12.049,59.544,71.275,70.999,9.599,11.547,11.502,66.25,66.154,96.672,95.308,0.8571936176818898,0.3305408401264131,0.8977266394323292,0.3716831931500017,0,7,19,-0.6599200619079966,1,0.6599200619079966,1,9.05303960238353e-05,3.2438993747163636e-05,0.3477,0.2342,0.5172,1.1179,1.1236,1.963,4.1971,0.003147,-0.000424,-0.000261,5.3e-05,-0.00037,-0.000205,-0.000117
10058,True,,56.737,74.596,74.555,0.041,17.818,9.132,12.099,12.092,56.627,71.313,71.29,9.114,11.554,11.55,61.98,61.948,96.248,93.543,0.7712147238709439,0.3340042593038159,0.7448191315157202,0.284217022767062,0,111,145,-0.8330624852492292,1,0.8330624852492292,1,0.000338379685878657,4.870260979793922e-05,0.4625,0.8522,1.6061,3.096,3.2423,6.4206,12.5884,-1.2e-05,-0.000443,6.8e-05,-0.000296,0.000118,-7e-06,-9.2e-05
10059,True,,58.585,74.794,74.724,0.07,16.139,9.439,12.132,12.12,58.468,71.305,71.223,9.42,11.552,11.539,64.349,64.33,96.694,96.658,0.7236884701493651,0.3331430068596027,0.7297842453349286,0.29439802293944123,0,1,2,-0.358858821776721,1,0.358858821776721,1,4.262107265544379e-05,2.1310536327728835e-05,0.2452,0.4791,0.8757,1.8077,1.847,3.6034,7.1852,0.000484,-8.3e-05,8e-06,1.6e-05,-0.000144,0.000148,4.7e-05
10060,True,,59.193,74.706,74.562,0.144,15.369,9.54,12.117,12.093,59.067,71.318,71.155,9.519,11.554,11.527,63.816,63.776,96.147,96.328,0.7731009373155273,0.3281822296494775,0.8898150642210927,0.32823017490667283,0,511,622,-0.8422842235213466,1,0.8422842235213466,1,0.001704126369395654,0.001101797833466052,0.4119,0.7687,1.4647,2.8967,2.7912,5.5147,11.1416,0.000358,-0.000701,0.000247,-0.000181,-0.000127,-5.6e-05,-0.000128
10061,True,,60.469,74.721,74.034,0.687,13.565,9.752,12.12,12.006,60.304,71.185,70.842,9.725,11.532,11.475,65.97,65.873,97.023,94.808,0.8631292210030019,0.33280477745693404,0.8150658575756454,0.3275992473812023,0,114,151,-0.8379544645226815,1,0.8379544645226815,1,0.0020686469808004508,0.001167841389215734,0.1189,0.0502,0.1437,0.2231,0.0647,0.1079,0.2312,-7.7e-05,-0.000498,-0.000661,-4e-06,-5e-06,-0.000226,-0.000189
10062,True,,62.073,74.548,73.641,0.907,11.568,10.019,12.091,11.94,61.764,71.262,70.726,9.967,11.545,11.456,67.973,67.915,95.692,89.691,0.7978317926128802,0.3296883223176974,1.0291790747099028,0.35231861157448313,0,23,63,-0.6779744111013315,1,0.6779744111013315,1,0.0017894860145913733,0.000608105700745612,0.356,0.7043,1.3661,3.076,2.8602,5.7078,11.799,0.000775,0.000316,0.000491,-0.000188,0.000225,0.000447,5.5e-05
10063,True,,59.068,74.658,74.343,0.315,15.275,9.52,12.109,12.057,58.945,71.367,71.029,9.499,11.563,11.506,63.376,63.347,95.326,91.145,0.9176788196036532,0.3261721538591076,0.5978134655422609,0.2573933314894498,0,512,621,-0.8452547346628307,1,0.8452547346628307,1,0.0030783525825256643,0.001587162493988286,0.6027,1.3189,2.2819,4.7028,4.6733,9.3577,18.7169,0.002098,-0.001104,0.000267,0.000128,0.000506,0.000153,0.000146
10064,True,,64.051,74.768,74.631,0.137,10.58,10.347,12.128,12.105,63.664,71.216,71.23,10.283,11.537,11.54,70.143,70.113,96.891,96.655,0.7347666692450041,0.32980592413075266,0.6776084057124733,0.2649123155669222,0,0,1,-0.22415628989301695,1,0.22415628989301695,0,8.793324450997206e-06,0.0,0.027,0.0756,0.1373,0.1569,0.3332,0.3038,0.6296,0.000294,-0.000679,6.6e-05,0.000179,0.000506,0.00017,0.000106
10065,True,,64.574,74.677,74.601,0.076,10.027,10.434,12.112,12.1,64.085,71.353,71.322,10.353,11.56,11.555,72.686,72.546,97.219,94.525,0.8081660079312938,0.3300682383201127,0.6952160834882763,0.28631098723476406,0,14,21,-0.7349451408472305,1,0.7349451408472305,1,0.00038171577074812225,0.00019468668263937158,0.1976,0.3405,0.6945,1.2574,1.1969,2.352,4.451,0.000681,-0.000854,-6.7e-05,0.00026,0.000133,-8.7e-05,-7.3e-05
10066,True,,54.938,74.795,74.513,0.282,19.575,8.834,12.132,12.085,54.868,71.31,71.19,8.822,11.553,11.533,60.539,60.495,96.676,96.089,0.7477070498191853,0.3329952077817455,0.6598247175589333,0.26662030862683866,0,608,740,-0.8351653429331236,1,0.8351653429331236,1,0.0012311981888090792,0.0009635376884418642,0.2822,0.4985,1.0652,1.8554,1.8462,3.5279,7.2744,0.00072,-0.000244,-0.000165,0.000108,-0.000176,-5e-05,3.9e-05
10067,True,,64.513,74.468,74.435,0.033,9.922,10.424,12.078,12.072,64.089,71.103,71.058,10.354,11.519,11.511,74.523,74.394,95.091,95.109,0.7662084887066785,0.33111019977683903,0.7425900939117739,0.2870203567150651,0,247,307,-0.8347779555301713,1,0.8347779555301713,1,0.0012338684234247097,0.000851972670906719,0.2904,0.5778,1.1185,2.0545,2.1931,4.1083,8.1625,0.000809,-0.000437,-5.5e-05,0.000223,5.4e-05,0.000179,0.000231
10068,True,,58.713,74.891,74.478,0.413,15.765,9.461,12.148,12.079,58.576,71.333,71.065,9.438,11.557,11.512,64.852,64.893,95.268,94.733,0.7896611280754129,0.333774211109206,0.818894226728931,0.3027961011589699,0,251,305,-0.8322972490177563,1,0.8322972490177563,1,0.0005201380789917921,0.00022982719045306385,0.4833,0.9256,1.8958,3.6548,3.754,7.3389,14.5015,0.000349,0.000175,-0.00057,-0.000122,-0.000275,1.8e-05,-2.6e-05
10069,True,,60.694,74.711,74.561,0.15,13.867,9.79,12.118,12.093,60.494,71.243,71.128,9.756,11.542,11.523,66.849,66.8,96.525,96.413,0.7282983354009582,0.3310371588067443,0.8790874620032589,0.3437037267800327,0,858,1065,-0.8369362633661694,1,0.8369362633661694,1,0.0051391835642207034,0.0029891984494418897,0.1653,0.2527,0.4368,0.7011,0.6966,1.4113,2.6959,0.001082,-0.000455,-0.000546,-0.000297,-3.5e-05,-2.3e-05,-0.000213
10070,True,,64.95,74.629,74.196,0.433,9.246,10.497,12.104,12.033,64.409,71.196,70.882,10.407,11.534,11.482,72.635,72.649,95.311,90.406,0.7650584538362846,0.3294149576455707,0.6583716840410229,0.2648601220289869,0,166,245,-0.8409588818021803,1,0.8409588818021803,1,0.00220631814172077,0.000498666169390151,0.2974,0.6872,0.944,1.9904,2.1786,3.8705,7.8173,-0.001154,-0.00182,-0.000173,-0.00038,-0.000278,-0.000134,-0.000274
10071,True,,61.857,74.542,74.505,0.037,12.648,9.983,12.09,12.084,61.571,71.194,71.046,9.935,11.534,11.509,68.564,68.608,96.277,96.115,0.831705168626854,0.32812769719237855,0.7933185522704344,0.34648705084701603,0,341,439,-0.8434555997450843,1,0.8434555997450843,1,0.004054753547279924,0.0026838741554972775,0.5526,0.908,1.7997,3.542,3.6105,7.1404,14.0918,-0.001975,0.00012,-0.000319,-0.000108,-0.000322,-7.7e-05,-0.000141
10072,True,,61.195,74.707,74.151,0.556,12.956,9.873,12.117,12.025,60.935,71.043,70.838,9.83,11.509,11.475,68.986,69.075,96.398,94.068,0.7620398413734693,0.3335868786867383,0.8293479067714131,0.2975643719490134,0,63,140,-0.8379092552718248,1,0.8379092552718248,1,0.003015632937269871,0.0006034233769611277,0.0688,0.1764,0.0166,0.0401,0.0396,0.1145,0.1945,-0.000152,0.001299,-3.2e-05,3.8e-05,-9.6e-05,3.1e-05,9e-06
10073,True,,68.198,74.585,74.487,0.098,6.289,11.036,12.097,12.081,67.119,71.361,71.048,10.857,11.562,11.51,76.018,75.912,97.531,95.514,0.7642587342844973,0.32826510774487744,0.6036348368791136,0.25585920175669585,0,142,199,-0.840814876276454,1,0.840814876276454,1,0.0022692611852994163,0.0014858068255193817,0.2947,0.4357,1.0772,1.9082,1.8767,3.7406,7.4861,-0.000879,0.000493,0.000273,4.2e-05,9.3e-05,0.000222,0.000108
10074,True,,66.151,74.572,74.517,0.055,8.366,10.696,12.095,12.086,65.384,71.23,71.19,10.569,11.54,11.533,69.647,69.76,95.203,94.455,0.8310945757409391,0.3282858873850585,0.8752329139177247,0.3403533751988838,0,251,300,-0.8447227991437103,1,0.8447227991437103,1,0.0012508247135559528,0.0009139901256998111,0.4745,1.0971,2.2855,4.3525,4.334,8.5526,17.3473,0.000776,-0.000289,-0.000133,-0.000154,-0.000209,-7.3e-05,-6.6e-05
10075,True,,71.336,74.613,74.599,0.014,3.263,11.558,12.102,12.1,69.444,71.277,71.229,11.243,11.548,11.54,82.917,83.432,94.055,94.444,0.7910081645516098,0.3281744665909014,0.8794661021704385,0.37293053324091563,0,673,839,-0.8447758944903399,1,0.8447758944903399,1,0.00275844368897173,0.0013347608912923424,0.671,1.2233,2.3097,4.3518,4.3641,8.6439,17.4816,0.000791,0.000139,0.000129,1.2e-05,0.000123,4.8e-05,-5e-06
10076,True,,62.548,74.536,74.364,0.172,11.816,10.098,12.089,12.06,62.214,71.081,71.024,10.042,11.515,11.506,70.116,70.206,94.546,95.709,0.7067825098031764,0.33275123762346215,0.9844198052237814,0.3786128793894856,0,6,60,-0.4801208826443144,1,0.4801208826443144,1,0.0033354677534193754,0.00022812470845700109,0.1301,0.2726,0.6591,1.1302,1.1673,2.56,4.9032,-0.000826,-0.000377,-0.000196,0.000201,0.000264,0.000311,0.000367
10077,True,,69.065,74.376,74.066,0.31,5.001,11.18,12.063,12.011,67.789,71.126,70.936,10.968,11.523,11.491,77.258,77.118,95.855,91.942,0.9722390443941229,0.3260645065123435,0.7532387895220475,0.29201891726635654,0,135,176,-0.847397070259376,1,0.847397070259376,1,0.0023379631786497952,0.0015972150669531589,0.7278,1.4811,3.0499,6.1117,6.1432,12.1076,24.2217,0.000471,0.000173,0.00082,0.000253,-0.000136,8.2e-05,4.9e-05
10078,True,,60.339,74.767,74.598,0.169,14.259,9.731,12.127,12.099,60.137,71.203,71.275,9.697,11.535,11.547,67.071,67.096,96.29,97.277,0.8530979367100211,0.33209857527904174,0.9129419870644171,0.33876242530997136,0,681,810,-0.8351337399385557,1,0.8351337399385557,1,0.003332031747276653,0.002705474239230714,0.3183,0.5944,0.9079,1.8003,1.8199,3.6112,7.2761,0.001255,-0.00032,-0.000211,-0.000245,-8.3e-05,-0.00011,-7e-05
10079,True,,58.459,74.53,74.423,0.107,15.964,9.418,12.088,12.07,58.352,71.191,71.076,9.401,11.533,11.514,65.052,65.019,96.891,96.455,0.7739281250502701,0.3328162263467753,0.779724938484077,0.3291989133756043,0,490,597,-0.8352392034666991,1,0.8352392034666991,1,0.0004482895051902499,0.00028165415565871194,0.2479,0.5156,0.8769,1.8041,1.7456,3.5309,6.9464,0.00034,-0.000866,-9.5e-05,-0.000284,-0.00014,-0.00028,-0.000152
10080,True,,58.222,74.681,74.002,0.679,15.78,9.379,12.113,12.0,58.138,71.28,70.809,9.365,11.548,11.47,65.011,65.017,97.103,91.801,0.7200665876899943,0.3334571104708725,1.0001001655485473,0.34412893077018464,0,248,293,-0.8355381060036962,1,0.8355381060036962,1,0.00016274970127620508,0.0001374515884453593,0.2857,0.4845,0.6861,1.6472,1.5646,3.289,6.4454,-7.9e-05,-0.000804,-0.000256,0.000215,0.000197,0.000365,0.000246
10081,True,,57.915,74.601,74.459,0.142,16.544,9.328,12.1,12.076,57.784,71.126,71.052,9.306,11.523,11.51,66.375,66.362,95.369,96.693,0.7595153396398526,0.3309470232172387,0.8611048810521525,0.31764555547111334,0,15,68,-0.8074963834965274,1,0.8074963834965274,1,0.0010340121290936524,0.00022069682137075726,0.3448,0.7249,1.3144,2.627,2.7096,5.2877,10.3763,-0.000191,0.001113,2.6e-05,-1e-05,-0.000145,-5e-05,3.3e-05
10082,True,,57.541,74.538,74.347,0.191,16.806,9.266,12.089,12.058,57.445,71.134,71.017,9.25,11.524,11.504,64.64,64.603,96.162,97.005,0.7947137031650813,0.3290027418215978,0.849887778647147,0.3332551763204613,0,71,138,-0.8446581407483791,1,0.8446581407483791,1,0.0027624132104967277,0.000922408760871578,0.5605,1.0532,2.1568,4.285,4.3368,8.7099,17.3077,-0.000457,0.000614,0.000177,-0.000141,8.3e-05,-0.000216,-0.000171
10083,True,,57.492,74.617,74.396,0.221,16.904,9.258,12.102,12.066,57.382,71.171,71.181,9.239,11.53,11.532,64.048,64.084,96.603,94.24,0.8626790504245692,0.33086605775427064,0.8884045433987353,0.3631573595023324,0,854,1037,-0.8369135459975041,1,0.8369135459975041,1,0.0014386716791329275,0.000865429466701266,0.1156,0.2911,0.3452,0.6314,0.718,1.3543,2.616,0.000549,0.000972,9.5e-05,3e-06,0.000152,9.2e-05,3.5e-05
10084,True,,59.431,74.643,74.411,0.232,14.98,9.58,12.107,12.068,59.266,71.363,71.039,9.552,11.562,11.508,66.598,66.686,96.041,94.958,0.8577096569436171,0.3302359714160787,0.7171747433541754,0.30102286301311276,0,65,123,-0.8407811584561387,1,0.8407811584561387,1,0.001485990506859475,0.0005301053321146447,0.3042,0.5615,0.9709,1.8946,1.9638,3.7989,7.4622,0.001786,-0.000709,-0.000157,8.5e-05,0.000214,-9.2e-05,-1.9e-05
10085,True,,63.663,74.646,74.466,0.18,10.803,10.283,12.107,12.077,63.199,71.421,71.088,10.206,11.572,11.516,70.822,70.83,96.488,94.109,0.8290984145616191,0.33279644698899596,0.6466588948093641,0.25452027539215444,0,198,263,-0.8360805375123164,1,0.8360805375123164,1,0.0031685495312393486,0.0017109165526787702,0.3334,0.3854,0.6517,1.2663,1.0944,2.3704,4.7248,0.002899,-0.000227,0.000345,0.000294,-0.000218,0.000136,2.8e-05
10086,True,,63.19,74.644,73.721,0.923,10.531,10.204,12.107,11.954,62.783,71.241,70.691,10.137,11.542,11.45,71.165,71.293,96.258,91.966,0.9972138259221217,0.3281794082533407,0.933537936090644,0.3666914836901592,0,327,414,-0.8452411043963366,1,0.8452411043963366,1,0.00490209336768578,0.002562470819495935,0.5996,1.2146,2.5912,4.5839,4.7156,9.3735,18.7524,0.001614,-0.000378,0.000402,0.000178,-9.8e-05,0.0,-4.8e-05
10087,True,,62.677,74.68,74.519,0.161,11.842,10.119,12.113,12.086,62.336,71.301,71.202,10.062,11.552,11.535,66.354,66.439,97.258,96.137,0.8081893365240371,0.3317557191155671,0.8874377179837054,0.3286387962803503,0,755,936,-0.835996527845964,1,0.835996527845964,1,0.0014260797792548785,0.0008844386427724524,0.2679,0.354,0.7765,1.3243,1.2845,2.5543,5.0272,0.001726,0.00036,-0.000142,-9.6e-05,0.000106,9.1e-05,5.9e-05
10088,True,,55.897,74.551,74.343,0.208,18.446,8.993,12.092,12.057,55.838,71.292,71.142,8.983,11.55,11.525,62.31,62.281,95.613,94.149,0.7125812216070462,0.3322482698492702,0.7959950440199844,0.2990951298080624,0,501,616,-0.8365665912820077,1,0.8365665912820077,1,0.0036576487221493784,0.001993320067841515,0.1851,0.2578,0.3494,0.9823,0.8697,1.914,3.6881,0.001047,-0.001125,-0.000412,0.000113,-9.4e-05,3e-06,-1e-06
10089,True,,67.616,74.604,74.384,0.22,6.768,10.939,12.1,12.064,66.643,71.235,71.07,10.778,11.541,11.513,76.1,76.205,96.069,96.145,0.7369455021826699,0.32493270008038894,0.824345891398643,0.31821311061270324,0,744,887,-0.8475409411948931,1,0.8475409411948931,1,0.0020870444273725407,0.0012987429593831145,0.7989,1.4939,3.1901,6.1671,6.137,12.154,24.2881,-0.000759,4.9e-05,1.7e-05,-0.000334,-0.000266,-6.1e-05,-0.000196
10090,True,,54.226,74.565,74.471,0.094,20.245,8.715,12.094,12.078,54.192,71.08,71.059,8.71,11.515,11.511,59.402,59.372,96.817,96.784,0.7194562600286867,0.32856847930452887,0.7107926710904389,0.2871514636106579,0,134,183,-0.8406894596651,1,0.8406894596651,1,0.0010333712521286163,0.0003151434257240397,0.3417,0.4705,0.8719,1.7972,1.7381,3.5395,7.0671,-0.001784,0.000512,0.000115,5e-05,0.000141,0.000158,8.7e-05
10091,True,,65.836,74.66,74.554,0.106,8.718,10.644,12.11,12.092,65.233,71.2,71.213,10.544,11.535,11.537,75.954,75.817,97.377,97.728,0.7198293268494675,0.3334872211790869,0.7917589302386174,0.31050830077258024,0,62,77,-0.8337943121250646,1,0.8337943121250646,1,0.0003347019208624119,0.00016319488121003351,0.4136,0.7481,1.4913,2.759,2.6452,5.3414,10.9059,0.001189,-0.000591,-0.000525,-0.000258,-0.000149,-8.6e-05,1.7e-05
10092,True,,66.37,74.796,74.563,0.233,8.193,10.733,12.132,12.094,65.681,71.334,71.2,10.618,11.557,11.535,73.193,73.224,95.914,96.043,0.6973726245695919,0.3343713973674189,0.6410349260007916,0.26258095545719307,0,508,614,-0.8350638891747622,1,0.8350638891747622,1,0.001509996040126001,0.0002776933977854026,0.3633,0.602,0.9855,1.8818,1.9056,3.7624,7.5864,-0.00202,0.001025,0.000193,-0.000129,6.2e-05,1.9e-05,3.4e-05
10093,True,,68.13,74.677,74.331,0.346,6.201,11.025,12.112,12.055,67.156,71.308,71.06,10.863,11.553,11.512,72.942,72.821,95.689,94.172,0.7045524484494632,0.32727940203746286,0.862383170147963,0.3238981823930285,0,166,229,-0.8420616340731613,1,0.8420616340731613,1,0.002070995901917804,0.0008216093432278516,0.4323,0.6033,1.3346,2.7576,2.7076,5.3349,10.5011,-0.001522,0.001506,0.000488,-0.000124,-6.4e-05,1.7e-05,7.6e-05
10094,True,,63.859,74.671,74.383,0.288,10.524,10.316,12.111,12.064,63.377,71.379,71.254,10.235,11.565,11.544,74.058,74.23,96.5,94.133,0.7626514155075785,0.33255029342614206,0.884684449268856,0.3263816256268238,0,185,288,-0.8390224850218146,1,0.8390224850218146,1,0.002412859645562004,0.0012143385001453033,0.1097,0.3307,0.4194,0.7698,0.8191,1.6405,2.8705,0.001749,-0.001162,-0.000288,-0.000131,-0.000112,-0.000251,-4e-05
10095,True,,66.427,74.593,74.396,0.197,7.969,10.742,12.098,12.066,65.751,71.149,71.061,10.63,11.526,11.512,71.762,71.71,95.348,94.583,0.7965697129008165,0.3309610585664594,0.8480432618771443,0.31950858223874673,0,10,60,-0.5602067559698298,1,0.5602067559698298,1,0.0024001013468261676,0.00040829759436984,0.01,0.1752,0.1868,0.4252,0.6092,0.9296,1.9741,0.000805,-0.000356,0.000257,0.000159,-0.00018,0.000154,3.5e-05
10096,True,,61.029,74.472,74.054,0.418,13.025,9.845,12.078,12.009,60.781,71.144,70.914,9.804,11.526,11.487,65.172,65.193,96.819,91.213,0.8140978821597535,0.3280245172011951,0.7801950691878083,0.3058389498010812,0,69,106,-0.8455969984020157,1,0.8455969984020157,1,0.0011893101572425689,0.0003944783516625929,0.6162,1.4128,2.52,4.9746,4.8747,9.6948,19.3168,-0.00041,0.000196,-0.000572,-0.000458,-0.000252,-0.000181,-0.000165
10097,True,,70.623,74.733,74.648,0.085,4.025,11.439,12.122,12.108,68.973,71.29,71.195,11.165,11.55,11.534,80.402,80.389,96.118,96.434,0.7259816693797068,0.3324819694679882,0.750511097631372,0.29032653179697465,0,143,196,-0.8343378012759786,1,0.8343378012759786,1,0.0009183770719156557,0.0002954877765881062,0.3234,0.5935,1.1395,2.3624,2.3969,4.7469,9.3549,0.000492,4.3e-05,-0.00046,1.2e-05,6.5e-05,-0.000145,-6.9e-05
10098,True,,63.453,74.532,74.273,0.259,10.82,10.248,12.088,12.045,63.019,71.103,70.997,10.176,11.519,11.501,71.544,71.611,95.695,91.136,0.7323267153028798,0.33287999652008016,0.8089340318071392,0.2981854917777047,0,252,346,-0.8360702020790995,1,0.8360702020790995,1,0.0025727200525424527,0.0006758269340511255,0.2088,0.2756,0.5173,1.2254,1.2511,2.604,5.0217,0.000949,-0.000138,-0.000274,-1e-06,8e-06,-5e-06,0.000149
10099,True,,56.385,74.628,74.27,0.358,17.885,9.074,12.104,12.045,56.301,71.277,70.944,9.06,11.548,11.492,60.834,60.805,97.014,93.934,0.7638654285832313,0.33380961868099474,0.899008642161962,0.3509601699739959,0,497,645,-0.8351546974467965,1,0.8351546974467965,1,0.0020736274325056643,0.0010097681103154348,0.2686,0.5107,1.0009,1.8747,1.7778,3.5744,7.3823,0.000521,0.000267,8.4e-05,1.7e-05,-0.000138,-0.000149,-5.2e-05
